national_id,first_name,paternal_last_name,maternal_last_name,death_date,age,genre,death_place,source,cause,geo_code,marital
95822412,Dani,Amaya,Llopis,2022-10-09,81,M,Hospital,Hospital Regional,Accidente de tránsito,140101,Casado
39958838,Emilio,Calatayud,Bonet,-,94,M,Hospital,Municipalidad,Infarto,150101,Soltero
14265799,Amor,Bueno,Gil,2022-09-01,27,M,Hospital,MINSA,Insuficiencia renal,230101,Divorciado
77827638,Eligia,Amor,Flor,2025-04-29,28,F,Domicilio,RENIEC,Accidente laboral,210101,Divorciado
66306997,Isidro,Sanchez,Lobo,2020-09-29,43,F,Clínica,MINSA,Accidente laboral,100101,Soltero
31429110,José,Rocamora,Nieto,2023-01-20,11,F,Hospital,Hospital Regional,Accidente laboral,110101,Viudo
30868105,Ildefonso,Navarro,Calatayud,2021-06-24,5,F,Hospital,Municipalidad,Infarto,180101,Viudo
60992979,Cleto,Palomar,Núñez,2022-12-09,80,F,Clínica,RENIEC,Infarto,240101,Casado
15831819,Luna,Segovia,Casanovas,2023-11-29,98,F,Hospital,MINSA,Accidente laboral,250101,Divorciado
20576383,Carmina,Marcos,Pardo,2025-08-07,35,F,Domicilio,MINSA,COVID-19,110101,Casado
35808537,Julie,Baños,Arroyo,2022-08-18,85,F,Hospital,MINSA,Neumonía,140101,Casado
48840994,Cebrián,Guerrero,Cabrero,2023-12-04,59,F,Domicilio,MINSA,Insuficiencia renal,100101,Soltero
47308985,Wilfredo,Patiño,Cánovas,2023-11-03,29,M,Domicilio,Municipalidad,COVID-19,040101,Casado
57683626,Hugo,Lasa,Bellido,2022-02-22,72,F,Clínica,Municipalidad,Cáncer,230101,Divorciado
81691040,Luisina,Hierro,Cárdenas,2024-08-15,18,F,Clínica,MINSA,Insuficiencia renal,180101,Viudo
60929647,Julián,Gimenez,Morata,2021-03-01,95,F,Vía pública,Hospital Regional,Accidente de tránsito,200101,Divorciado
40742311,Paca,Antón,Moles,2024-02-07,11,M,Hospital,MINSA,Insuficiencia renal,210101,Divorciado
45935572,Blas,Galván,Miranda,2022-07-01,76,M,Vía pública,Municipalidad,Neumonía,030101,Viudo
97971488,Angelina,Priego,Segarra,2021-11-26,70,M,Hospital,Hospital Regional,Accidente laboral,230101,Viudo
45551614,Emilio,Huerta,Jódar,2025-08-30,14,F,Vía pública,MINSA,Cáncer,150101,Viudo
67503414,Tomasa,Pujol,Paredes,2022-07-22,64,M,Hospital,Hospital Regional,Accidente laboral,230101,Casado
28566572,Araceli,Uriarte,Bou,2021-02-02,19,F,Clínica,RENIEC,Neumonía,100101,Divorciado
24716857,Ezequiel,Cuesta,Roca,2021-03-25,2,M,Domicilio,Hospital Regional,Accidente de tránsito,080101,Casado
61642594,Rico,Solé,Ángel,2022-10-30,72,M,Hospital,Municipalidad,Accidente laboral,040101,Casado
84252722,Rosalinda,Alberdi,Carbó,2025-04-04,16,F,Clínica,Hospital Regional,Neumonía,220101,Divorciado
45812670,María José,Nieto,Cantón,2023-03-09,27,M,Domicilio,Municipalidad,Insuficiencia renal,230101,Viudo
68353204,Fausto,Santiago,Acero,2022-12-06,56,F,Hospital,MINSA,Accidente de tránsito,040101,Viudo
77187530,María Belén,Escalona,Vera,2021-08-05,2,M,Clínica,RENIEC,Infarto,230101,Soltero
93926371,Marc,Vera,Flor,2021-12-27,29,M,Hospital,Hospital Regional,Infarto,170101,Casado
60185867,María Belén,Cuéllar,Abascal,2023-06-13,35,F,Clínica,MINSA,Insuficiencia renal,190101,Divorciado
75579548,Alejo,Caparrós,Parejo,2023-04-22,31,F,Vía pública,MINSA,Infarto,250101,Divorciado
42138745,Bautista,Hernando,Bermúdez,2021-06-02,45,F,Vía pública,Municipalidad,Accidente laboral,080101,Soltero
75228535,Olalla,Bayón,Casas,2021-10-12,7,F,Domicilio,RENIEC,Accidente de tránsito,130101,Casado
98550256,Aitana,Dalmau,Landa,2025-03-06,68,F,Clínica,Municipalidad,Accidente de tránsito,120101,Divorciado
91415657,Teo,Galán,Font,2023-05-05,31,M,Vía pública,RENIEC,Infarto,230101,Soltero
63551839,Hilda,Perea,Ríos,2025-02-03,11,M,Clínica,Municipalidad,Cáncer,160101,Casado
70597444,Dionisio,Huguet,Gomila,2021-03-26,51,M,Clínica,Municipalidad,Infarto,060101,Viudo
55377076,Alfonso,Grau,Giménez,2020-10-01,100,F,Domicilio,Municipalidad,Insuficiencia renal,180101,Divorciado
19528530,Laura,Barral,Granados,2021-04-06,19,M,Domicilio,MINSA,Infarto,190101,Soltero
14216175,Rosalina,Murillo,Belda,2025-01-23,95,F,Hospital,RENIEC,Neumonía,160101,Casado
41944441,León,Torralba,Gargallo,2025-04-11,7,M,Clínica,RENIEC,Neumonía,040101,Casado
27758595,Loreto,Suárez,Herrero,2024-09-17,51,M,Clínica,RENIEC,Neumonía,040101,Divorciado
64634663,Goyo,Busquets,Caballero,2024-05-10,84,F,Domicilio,MINSA,Insuficiencia renal,100101,Casado
57553014,Teo,Reig,Solera,2021-02-24,33,F,Clínica,Hospital Regional,Cáncer,100101,Soltero
97705310,Flavia,Cabello,Barrera,2024-02-11,1,F,Hospital,RENIEC,Neumonía,130101,Viudo
55540424,Nereida,Canales,Ibarra,2022-04-27,16,F,Hospital,MINSA,COVID-19,020101,Casado
35529407,Brunilda,Sanabria,Checa,2024-04-11,56,F,Hospital,Hospital Regional,Insuficiencia renal,250101,Casado
34627347,León,Sevillano,Iborra,2021-05-01,33,M,Hospital,MINSA,COVID-19,020101,Casado
69476001,Nuria,Cabañas,Ayuso,2025-04-15,91,F,Clínica,Hospital Regional,Neumonía,160101,Viudo
11980765,Ciro,Guzmán,Delgado,2024-02-23,6,M,Vía pública,Hospital Regional,Infarto,150101,Viudo
75181648,Alicia,García,Quero,2021-03-10,98,M,Domicilio,MINSA,Insuficiencia renal,030101,Divorciado
32097220,Reynaldo,Abril,Portero,2022-12-11,71,M,Hospital,RENIEC,Insuficiencia renal,200101,Soltero
71070189,Lucho,Rocha,Torrecilla,2022-01-02,47,M,Vía pública,MINSA,Infarto,020101,Viudo
35487660,Manu,Gelabert,Barragán,2025-08-13,5,F,Clínica,MINSA,Insuficiencia renal,250101,Viudo
82772208,Benjamín,Mir,Barceló,2021-02-11,99,F,Clínica,MINSA,Accidente laboral,210101,Casado
88406989,Albina,Valverde,Criado,2021-03-04,52,M,Clínica,Hospital Regional,Accidente laboral,050101,Casado
78159587,Cecilio,Estevez,Bayona,2021-04-08,34,M,Hospital,Municipalidad,Accidente laboral,080101,Divorciado
41568532,Sancho,Carretero,Hoz,2025-08-12,28,M,Vía pública,Hospital Regional,COVID-19,140101,Casado
89795010,Aníbal,Bilbao,Rius,2025-08-27,3,M,Vía pública,Hospital Regional,COVID-19,040101,Viudo
85863473,Azeneth,Molina,Julián,2022-06-05,44,F,Domicilio,RENIEC,Infarto,120101,Casado
99889098,Lilia,Miralles,Gómez,2022-12-13,74,F,Hospital,RENIEC,Neumonía,050101,Viudo
63121477,Eleuterio,Marín,Sebastián,2023-05-19,93,F,Vía pública,RENIEC,Cáncer,190101,Casado
19736572,Agapito,Sedano,Cabo,2021-04-24,32,M,Vía pública,RENIEC,Neumonía,180101,Casado
82160068,Ignacio,Velasco,Lara,2021-10-25,46,F,Hospital,Hospital Regional,Neumonía,100101,Soltero
56843172,Socorro,Bayona,Hidalgo,2023-11-01,92,F,Domicilio,Municipalidad,COVID-19,060101,Viudo
48250360,Fausto,Ríos,Mate,2025-03-10,70,M,Clínica,Municipalidad,Insuficiencia renal,060101,Casado
11049999,Guadalupe,Marí,Calleja,2021-10-31,78,F,Vía pública,RENIEC,COVID-19,020101,Casado
45496015,David,Campo,Cortés,2023-01-03,55,F,Vía pública,Municipalidad,Cáncer,240101,Casado
47816686,Elodia,Galvez,Novoa,2022-06-03,65,F,Clínica,RENIEC,COVID-19,170101,Viudo
95125977,Reyna,Laguna,Vega,2024-11-04,11,M,Domicilio,MINSA,Accidente laboral,130101,Casado
43704923,Vicenta,Azcona,Bru,2024-04-17,3,M,Clínica,Municipalidad,Neumonía,040101,Divorciado
47135391,Arsenio,Acevedo,Múgica,2021-10-20,53,M,Vía pública,Municipalidad,Cáncer,140101,Casado
95511909,Juan Francisco,Cuéllar,Sala,2025-05-20,83,M,Hospital,Municipalidad,Accidente de tránsito,210101,Divorciado
67403166,Chelo,Agustí,Caparrós,2021-04-30,6,M,Hospital,Municipalidad,Accidente de tránsito,030101,Viudo
30005727,Caridad,Araujo,Peiró,2025-08-23,96,F,Vía pública,Municipalidad,Accidente de tránsito,160101,Divorciado
84158663,Eusebio,Ropero,Castell,2021-01-16,33,M,Domicilio,Municipalidad,Insuficiencia renal,140101,Viudo
51373735,Pánfilo,Ariño,Pallarès,2022-06-23,56,M,Domicilio,MINSA,COVID-19,100101,Viudo
43491314,Griselda,Calderon,Otero,2025-06-14,69,M,Clínica,MINSA,Accidente de tránsito,060101,Casado
64543049,Estela,Cortes,Guzmán,2022-01-26,90,M,Hospital,Municipalidad,Cáncer,100101,Divorciado
33763566,Socorro,Revilla,Amat,2022-03-20,53,M,Clínica,Municipalidad,Cáncer,190101,Soltero
54585178,Micaela,Requena,Hurtado,2022-12-16,97,F,Vía pública,RENIEC,COVID-19,020101,Divorciado
31367172,Mirta,Campoy,Piñeiro,2021-01-07,53,M,Vía pública,MINSA,COVID-19,050101,Divorciado
73174945,Iván,Flores,Seguí,2023-08-31,3,F,Domicilio,Municipalidad,Insuficiencia renal,210101,Divorciado
50962024,Otilia,Goñi,Gisbert,2020-11-21,16,M,Vía pública,RENIEC,Infarto,230101,Divorciado
98588154,Guadalupe,Pujadas,Moya,2023-01-22,17,F,Clínica,RENIEC,COVID-19,060101,Viudo
19317495,María Teresa,Lorenzo,Ortega,2025-01-08,27,F,Domicilio,Hospital Regional,Accidente laboral,060101,Viudo
63643924,Iris,Muñoz,Amorós,2021-09-02,96,F,Domicilio,RENIEC,Cáncer,150101,Soltero
45059710,Gaspar,Lara,Arenas,2021-08-11,44,M,Hospital,RENIEC,Accidente laboral,150101,Casado
90070438,Toño,Ojeda,Mir,2024-05-26,25,M,Clínica,MINSA,Accidente de tránsito,160101,Soltero
91363974,Ariadna,Carlos,Plaza,2025-08-05,72,M,Vía pública,Hospital Regional,Accidente laboral,110101,Casado
35511941,José Manuel,Arregui,Rubio,2020-09-14,77,M,Clínica,Hospital Regional,Infarto,190101,Soltero
79782527,Ángela,Figueras,Pascual,2024-05-10,39,F,Vía pública,MINSA,Infarto,190101,Casado
19391725,Graciana,Murillo,Mir,2021-10-01,13,F,Hospital,RENIEC,COVID-19,180101,Divorciado
50308572,Anunciación,Mendoza,Real,2023-06-19,84,F,Hospital,Hospital Regional,Infarto,050101,Divorciado
64009265,Josefina,Marqués,Castejón,2022-04-28,13,F,Domicilio,Municipalidad,Insuficiencia renal,200101,Divorciado
66431351,Graciana,Pinilla,Dávila,2025-07-13,22,F,Vía pública,Municipalidad,Cáncer,190101,Viudo
50392808,Santiago,Abad,Mateu,2023-02-17,41,M,Hospital,Hospital Regional,Cáncer,140101,Divorciado
38210242,Tito,Montserrat,Sola,2024-06-12,72,F,Domicilio,RENIEC,Cáncer,100101,Casado
69345683,Imelda,García,Vicente,2024-09-18,62,M,Domicilio,Hospital Regional,COVID-19,120101,Viudo
32775593,Genoveva,Blazquez,Luz,2025-01-27,71,M,Clínica,RENIEC,Accidente de tránsito,050101,Divorciado
99100953,Evita,Naranjo,Bueno,2022-09-08,71,M,Vía pública,Municipalidad,Cáncer,150101,Soltero
51663795,Jafet,Flor,Colom,2020-11-23,37,M,Vía pública,MINSA,COVID-19,240101,Viudo
16202700,Jose Ignacio,Talavera,Beltran,2024-07-24,60,F,Vía pública,Hospital Regional,COVID-19,030101,Viudo
65625330,Soraya,Ferreras,Plana,2024-11-22,39,F,Clínica,RENIEC,Insuficiencia renal,130101,Viudo
63640499,Jose Francisco,Coloma,Adán,2021-08-06,15,M,Clínica,MINSA,Insuficiencia renal,160101,Viudo
67062156,Isidoro,Echeverría,Villaverde,2024-08-22,92,F,Hospital,MINSA,COVID-19,140101,Viudo
16740197,Cecilia,Ibañez,Carrión,2024-07-28,22,F,Hospital,MINSA,COVID-19,080101,Soltero
27896471,Nicolasa,Sobrino,Molins,2024-06-15,70,F,Clínica,Municipalidad,Infarto,150101,Viudo
92228802,Ofelia,Vargas,Roldan,2025-05-08,60,F,Vía pública,Hospital Regional,Accidente de tránsito,080101,Viudo
69849511,Teófila,Cuenca,Taboada,2024-07-08,61,M,Hospital,Municipalidad,Cáncer,040101,Soltero
44788100,Maricruz,Huertas,Lluch,2025-02-14,19,M,Domicilio,RENIEC,Accidente de tránsito,250101,Divorciado
75041510,Eugenia,Haro,Llobet,2024-06-06,77,M,Vía pública,Municipalidad,Cáncer,020101,Divorciado
20399639,Leyre,Macias,Guitart,2023-01-01,39,M,Hospital,MINSA,Insuficiencia renal,130101,Viudo
55076693,Miguel,Berrocal,Chacón,2021-12-21,84,M,Clínica,MINSA,Accidente de tránsito,180101,Soltero
41039390,Rodolfo,Corominas,Gargallo,2021-03-27,20,M,Vía pública,Municipalidad,Insuficiencia renal,220101,Divorciado
65682626,Saturnino,Muro,Solano,2024-03-23,37,M,Clínica,Hospital Regional,Insuficiencia renal,020101,Divorciado
18357162,Hilario,Rivera,Porras,2025-08-28,9,M,Domicilio,MINSA,Cáncer,250101,Casado
12621534,Rocío,Pintor,Tapia,2020-09-27,82,M,Domicilio,MINSA,Infarto,080101,Casado
57212267,Marc,Porta,Rius,2025-04-08,39,F,Vía pública,RENIEC,Cáncer,020101,Divorciado
83300637,Nereida,Giménez,Torrents,2022-07-22,34,F,Vía pública,RENIEC,Neumonía,080101,Divorciado
46632757,Tristán,Torralba,Andres,2023-12-31,94,F,Domicilio,RENIEC,Infarto,140101,Soltero
55114543,Guiomar,Quiroga,Dalmau,2024-08-31,97,F,Hospital,MINSA,Cáncer,170101,Divorciado
27129912,Esther,Amores,Prada,2025-06-28,35,M,Vía pública,Municipalidad,Infarto,160101,Viudo
98986321,Amando,Blanes,Romero,2021-11-04,52,F,Domicilio,RENIEC,Accidente laboral,210101,Viudo
71968116,Germán,Ayllón,Juan,2023-11-30,52,F,Domicilio,Municipalidad,Accidente laboral,180101,Soltero
53936531,Héctor,Sanz,Morillo,2023-07-24,58,M,Domicilio,Hospital Regional,COVID-19,250101,Divorciado
60885459,Leopoldo,Robles,Iniesta,2021-05-21,65,M,Vía pública,Municipalidad,Infarto,130101,Viudo
73123515,Alejo,Azorin,Olmo,2022-08-06,79,F,Vía pública,RENIEC,Accidente de tránsito,120101,Casado
97260863,Bruno,Arjona,Anguita,2022-10-17,36,F,Vía pública,RENIEC,Infarto,230101,Casado
36757737,Primitiva,Almagro,Corominas,2022-09-20,90,M,Domicilio,RENIEC,Neumonía,050101,Soltero
26941092,Ainara,Carbó,Gibert,2024-08-23,28,M,Vía pública,RENIEC,Insuficiencia renal,200101,Divorciado
44392446,María Fernanda,Peinado,Diez,2021-08-30,91,F,Domicilio,Municipalidad,Accidente laboral,160101,Divorciado
31980274,María,Campoy,Amigó,2023-05-06,31,F,Clínica,Municipalidad,Accidente de tránsito,220101,Casado
87282128,Inés,Perez,Puente,2022-05-18,8,F,Vía pública,Hospital Regional,Accidente laboral,170101,Viudo
20200074,Dora,Herrero,Cal,2023-04-03,0,F,Domicilio,Municipalidad,Accidente laboral,200101,Divorciado
90585882,Noa,Carrillo,Armengol,2023-08-23,68,F,Domicilio,Hospital Regional,Neumonía,180101,Divorciado
81503856,Tiburcio,Pellicer,Bayón,2024-12-28,58,F,Clínica,MINSA,Neumonía,060101,Casado
96911784,Néstor,Alberola,Rivera,2024-11-10,99,F,Hospital,Hospital Regional,Insuficiencia renal,160101,Divorciado
24165187,Toribio,Paredes,Segura,2021-12-28,49,M,Vía pública,RENIEC,Accidente de tránsito,170101,Viudo
68450095,Gabriel,Vélez,León,2025-04-08,12,F,Hospital,Municipalidad,Infarto,200101,Divorciado
74893936,Adela,Ruano,Ledesma,2023-06-07,83,M,Hospital,Municipalidad,Accidente laboral,120101,Viudo
42949803,Paulina,Bolaños,Lorenzo,2024-07-10,79,F,Hospital,Hospital Regional,Accidente laboral,240101,Divorciado
42730796,Maricela,Sobrino,Pinilla,2023-07-21,40,F,Hospital,RENIEC,Accidente de tránsito,230101,Viudo
13852048,Ana Belén,Morcillo,Espada,2024-11-01,29,M,Vía pública,RENIEC,Accidente laboral,230101,Soltero
38470244,Pedro,Jordán,Niño,2023-01-25,56,M,Domicilio,RENIEC,Infarto,100101,Soltero
90014570,Judith,Llorente,Agustín,2025-01-31,37,F,Domicilio,Municipalidad,Accidente de tránsito,140101,Divorciado
35643159,Che,Hernández,Ramos,2024-11-04,72,M,Clínica,MINSA,Infarto,220101,Divorciado
84514489,Marta,Hernandez,Tamayo,2024-11-11,79,M,Vía pública,MINSA,Accidente de tránsito,030101,Viudo
70152969,Mónica,Alemany,Buendía,2023-03-12,58,F,Hospital,Municipalidad,COVID-19,240101,Casado
39742165,Sandalio,Hervia,Medina,2025-08-20,9,F,Domicilio,Hospital Regional,Insuficiencia renal,050101,Viudo
59529086,Ainara,Núñez,Roig,2025-05-15,58,F,Clínica,Municipalidad,Accidente laboral,160101,Soltero
54398056,Pastor,Santiago,Lillo,2023-04-19,30,F,Domicilio,Hospital Regional,Insuficiencia renal,020101,Soltero
43742830,Jerónimo,Carrillo,Fernández,2023-05-17,84,F,Domicilio,RENIEC,Neumonía,240101,Soltero
26046365,Manuelita,Esteve,Feliu,2022-07-13,77,F,Domicilio,MINSA,Neumonía,110101,Casado
74988034,Leonel,Zamorano,Luna,2021-07-18,81,M,Domicilio,MINSA,Insuficiencia renal,250101,Soltero
36054020,Manu,Gordillo,Paniagua,2022-03-20,39,F,Hospital,Hospital Regional,Insuficiencia renal,200101,Soltero
50569669,Alberto,Castañeda,Lledó,2021-01-28,37,F,Vía pública,MINSA,Accidente de tránsito,200101,Viudo
17318358,Carolina,Manzano,Cases,2024-11-12,67,F,Clínica,Hospital Regional,Accidente laboral,160101,Viudo
23769080,Salud,Alberola,Luís,2024-09-06,95,F,Hospital,Municipalidad,Infarto,200101,Casado
74251933,Valero,Niño,Espinosa,2021-02-15,86,F,Domicilio,RENIEC,Accidente laboral,060101,Soltero
43887075,Rosalva,Tejedor,Carbonell,2021-03-31,33,M,Vía pública,Hospital Regional,Insuficiencia renal,240101,Viudo
63782042,Amparo,Benavent,Baeza,2021-12-24,74,F,Domicilio,RENIEC,Insuficiencia renal,140101,Divorciado
30024960,Obdulia,Mateu,Blázquez,2022-10-20,3,F,Clínica,RENIEC,Insuficiencia renal,030101,Viudo
25898299,Celestina,Rico,Gonzalez,2025-02-18,83,F,Hospital,MINSA,Infarto,080101,Viudo
61053474,Virgilio,Salas,Martinez,2024-05-03,63,M,Hospital,MINSA,Neumonía,200101,Divorciado
50987442,Cloe,Barrena,Cabezas,2022-06-16,58,F,Vía pública,MINSA,Cáncer,230101,Soltero
93955206,Héctor,Lamas,Bertrán,2022-01-09,62,F,Domicilio,RENIEC,Insuficiencia renal,110101,Casado
42194159,Fulgencio,Benavides,Crespi,2020-09-17,56,F,Clínica,Hospital Regional,Infarto,240101,Viudo
64830300,Virgilio,Soriano,Manuel,2020-12-19,69,F,Hospital,Municipalidad,COVID-19,130101,Soltero
41068214,Luis,Luna,Santiago,2021-04-18,58,M,Clínica,RENIEC,Infarto,100101,Casado
41329612,Ámbar,Lamas,Figuerola,2024-04-21,16,M,Hospital,MINSA,Neumonía,130101,Casado
25405014,Candelas,Gomila,Company,2022-12-13,42,M,Hospital,Hospital Regional,Accidente laboral,200101,Casado
29090631,Calixto,Barreda,Daza,2023-04-22,69,F,Clínica,RENIEC,Insuficiencia renal,150101,Casado
89865458,Marianela,Malo,Saavedra,2021-09-30,1,F,Clínica,Hospital Regional,Infarto,210101,Viudo
72907576,Jennifer,Mateu,Quevedo,2023-01-02,6,M,Vía pública,RENIEC,Insuficiencia renal,040101,Divorciado
77172238,Calista,Uribe,Río,2021-05-16,57,F,Hospital,Municipalidad,Neumonía,140101,Soltero
90267122,Aníbal,Rosales,Mora,2022-10-26,93,F,Vía pública,RENIEC,Infarto,160101,Divorciado
13471527,Ciriaco,Granados,Almansa,2022-12-25,54,M,Vía pública,Municipalidad,Infarto,040101,Viudo
87342561,Apolinar,Díez,Sosa,2025-02-07,77,M,Hospital,MINSA,COVID-19,220101,Viudo
97444123,Vasco,Lobo,Escudero,2025-09-01,48,F,Vía pública,Municipalidad,Infarto,250101,Casado
68503492,Fabiola,Téllez,Bou,2024-09-08,55,F,Clínica,Municipalidad,COVID-19,030101,Divorciado
56702542,Sebastian,Mínguez,Montesinos,2021-07-30,53,M,Domicilio,Municipalidad,COVID-19,240101,Viudo
31585546,Narciso,Requena,Valbuena,2023-02-21,47,M,Vía pública,RENIEC,Infarto,040101,Soltero
98930456,Salvador,Arco,Sanz,2021-06-09,55,M,Domicilio,MINSA,Neumonía,080101,Viudo
52213778,José Antonio,Morales,Carmona,2024-02-16,85,M,Vía pública,Hospital Regional,Accidente laboral,240101,Divorciado
79067939,Paloma,Abella,Sevilla,2024-03-15,92,M,Domicilio,Hospital Regional,COVID-19,250101,Casado
17275149,Godofredo,Villegas,Pardo,2024-12-05,19,F,Clínica,RENIEC,COVID-19,180101,Viudo
93940940,Vasco,Aznar,Frutos,2022-12-17,14,F,Clínica,Municipalidad,Accidente laboral,180101,Soltero
83715012,Eleuterio,Maestre,Ríos,2024-10-23,77,F,Hospital,MINSA,COVID-19,020101,Viudo
26297533,Ambrosio,Heras,Cuadrado,2023-05-02,44,M,Clínica,MINSA,Neumonía,240101,Divorciado
83932360,Alberto,Raya,Buendía,2022-08-08,8,M,Hospital,RENIEC,Insuficiencia renal,170101,Casado
25228493,Íñigo,Carpio,Correa,2024-12-05,48,F,Vía pública,Hospital Regional,Accidente de tránsito,110101,Viudo
49172995,Araceli,Llano,Ribes,2024-10-17,92,F,Hospital,RENIEC,Accidente de tránsito,210101,Soltero
73380266,Jose Francisco,Saura,Coca,2023-12-14,86,M,Domicilio,Municipalidad,Insuficiencia renal,050101,Divorciado
35583290,África,Verdejo,Cerezo,2021-04-13,77,F,Vía pública,Hospital Regional,Accidente de tránsito,170101,Soltero
47077298,María Teresa,Ribera,Nieto,2025-01-03,44,F,Hospital,Hospital Regional,Insuficiencia renal,240101,Divorciado
45859307,Otilia,Acedo,Luna,2023-03-25,67,F,Hospital,MINSA,Cáncer,220101,Soltero
88777447,Cruz,Tovar,Comas,2024-06-27,0,M,Domicilio,MINSA,Accidente laboral,200101,Viudo
82287061,Alondra,Ochoa,Márquez,2025-05-20,37,F,Hospital,RENIEC,Cáncer,050101,Casado
82937948,René,Sarabia,Montserrat,2022-04-18,16,F,Clínica,Hospital Regional,Infarto,060101,Soltero
42051937,Concha,Piñol,Guillen,2024-03-08,55,M,Vía pública,RENIEC,Accidente laboral,100101,Divorciado
15858241,Maximino,Suárez,Piquer,2023-12-22,73,F,Vía pública,Hospital Regional,Infarto,060101,Soltero
99078806,Mónica,Cornejo,Valbuena,2021-01-02,41,M,Vía pública,Hospital Regional,Infarto,050101,Soltero
26944487,Ani,Mármol,Cabrera,2024-06-07,31,F,Vía pública,RENIEC,Cáncer,020101,Viudo
23383077,Begoña,Saura,Alcántara,2021-11-30,28,F,Clínica,RENIEC,Neumonía,230101,Soltero
65026398,Sabina,Cortes,Benavides,2024-09-06,67,M,Domicilio,Hospital Regional,Insuficiencia renal,230101,Casado
45570755,Nilo,Puga,Bernat,2023-06-26,30,M,Clínica,Hospital Regional,Accidente de tránsito,210101,Casado
81621574,Ricardo,Moliner,Torrents,2025-04-16,97,M,Clínica,Municipalidad,Cáncer,190101,Divorciado
14818295,Esmeralda,Bayona,Guitart,2023-02-18,87,F,Domicilio,MINSA,Cáncer,040101,Divorciado
40532691,Margarita,Botella,Roura,2021-07-11,56,F,Domicilio,RENIEC,COVID-19,170101,Soltero
95060193,Juliana,Cabrera,Salcedo,2022-02-07,39,F,Vía pública,RENIEC,Infarto,110101,Viudo
50193656,Vera,Andres,Arteaga,2023-06-13,9,M,Vía pública,Municipalidad,Neumonía,180101,Soltero
17532195,Lázaro,Palmer,Perera,2024-05-09,57,M,Domicilio,Municipalidad,Neumonía,200101,Soltero
29538047,Jose Ignacio,Requena,Escolano,2022-02-19,57,M,Domicilio,RENIEC,Neumonía,230101,Casado
33497411,Cayetano,Piñeiro,Hernando,2024-12-03,5,M,Vía pública,Municipalidad,Neumonía,170101,Casado
88270025,Eric,Guerra,Serra,2022-11-07,46,F,Domicilio,Municipalidad,Cáncer,100101,Soltero
71682508,José Mari,Agustí,Sola,2023-02-19,80,F,Hospital,Hospital Regional,Infarto,180101,Divorciado
83363160,Fausto,Benavent,Sala,2023-08-18,36,F,Clínica,Hospital Regional,Infarto,190101,Casado
88862539,Marcelino,Rodrigo,Ibáñez,2024-07-29,44,F,Vía pública,MINSA,Neumonía,040101,Viudo
50550084,Heliodoro,Planas,Tomas,2021-08-06,71,F,Domicilio,MINSA,Insuficiencia renal,240101,Soltero
41837210,Rico,Palomar,Marqués,2023-03-15,82,F,Domicilio,RENIEC,COVID-19,020101,Casado
12944682,Paula,Priego,Llobet,2020-10-04,27,F,Vía pública,MINSA,Accidente de tránsito,200101,Casado
85957706,Rosaura,Avilés,Valdés,2023-02-15,9,F,Hospital,RENIEC,Insuficiencia renal,100101,Casado
40885967,Elvira,Ortuño,Gilabert,2022-04-22,76,F,Clínica,MINSA,Accidente de tránsito,220101,Casado
93334601,Josué,Cerro,Caballero,2021-01-09,92,F,Hospital,Municipalidad,COVID-19,240101,Casado
51464269,Modesta,Saez,Aragonés,2025-08-14,56,F,Vía pública,MINSA,Neumonía,140101,Viudo
58970845,Lupita,Catalá,Bosch,2023-03-14,100,F,Clínica,Hospital Regional,Insuficiencia renal,190101,Divorciado
53851498,Mariana,Ribes,Echevarría,2022-05-25,59,F,Vía pública,Municipalidad,Accidente de tránsito,130101,Casado
27738187,Miriam,Paz,Valls,2023-01-03,32,M,Vía pública,Hospital Regional,Neumonía,250101,Soltero
32084778,José Ángel,Tirado,Marquez,2023-07-28,36,M,Clínica,Hospital Regional,Cáncer,170101,Casado
25457816,Adelina,Benet,Chico,2022-08-10,55,M,Clínica,Municipalidad,COVID-19,150101,Divorciado
63339667,Raquel,Paz,Bosch,2024-01-17,6,F,Domicilio,MINSA,Cáncer,040101,Viudo
11868130,Juan Luis,Casals,Sanz,2023-10-29,28,M,Domicilio,RENIEC,Accidente laboral,230101,Viudo
45186708,Daniela,Piquer,Pera,2021-08-11,18,M,Hospital,Hospital Regional,Accidente laboral,160101,Casado
41383044,Adriana,Amaya,Mosquera,2022-07-28,97,F,Vía pública,RENIEC,Infarto,150101,Viudo
96926431,Bernardino,Simó,Matas,2024-02-29,27,M,Vía pública,RENIEC,Accidente laboral,020101,Casado
25659979,Enrique,Arrieta,Arcos,2023-04-12,38,M,Hospital,MINSA,Cáncer,230101,Divorciado
76118957,David,Cabanillas,Guitart,2025-04-06,8,M,Vía pública,RENIEC,Insuficiencia renal,170101,Casado
28208520,Román,Santiago,Peláez,2025-04-14,91,M,Domicilio,Municipalidad,Infarto,220101,Viudo
66254240,Diana,Cortes,Ribera,2021-07-13,30,F,Clínica,RENIEC,Neumonía,110101,Soltero
75679047,Encarnación,Raya,Losa,2020-12-19,67,M,Vía pública,Municipalidad,Infarto,230101,Divorciado
59731689,Isaac,Salcedo,Sales,2022-09-12,47,F,Hospital,Hospital Regional,Accidente laboral,040101,Viudo
58678896,Conrado,Pedrero,Palmer,2021-03-16,30,M,Domicilio,MINSA,Infarto,110101,Viudo
63437398,Leoncio,Falcó,Carvajal,2024-07-22,82,M,Vía pública,Municipalidad,Insuficiencia renal,210101,Casado
22304198,Gloria,Garay,Almazán,2021-02-13,8,F,Hospital,Hospital Regional,Accidente de tránsito,080101,Casado
54762841,Jose Francisco,Casas,Fuertes,2021-04-10,5,F,Domicilio,Municipalidad,Accidente laboral,180101,Divorciado
84384510,Hipólito,Garzón,Guijarro,2023-06-26,32,M,Clínica,Hospital Regional,COVID-19,080101,Viudo
29804386,Modesta,Acedo,Lluch,2021-12-02,34,M,Domicilio,Municipalidad,Cáncer,030101,Divorciado
27447248,Calixta,Iglesia,Díaz,2021-08-16,43,M,Vía pública,Municipalidad,COVID-19,170101,Viudo
98725654,Roxana,Amigó,Catalá,2020-10-25,10,F,Hospital,Municipalidad,Neumonía,210101,Viudo
58082464,Montserrat,Gárate,Morante,2020-10-28,41,M,Hospital,Hospital Regional,Insuficiencia renal,020101,Viudo
33386929,Juan Manuel,Badía,Castañeda,2024-04-08,57,F,Clínica,Municipalidad,COVID-19,030101,Soltero
80610004,Danilo,Bartolomé,Tamayo,2024-07-02,93,F,Vía pública,Hospital Regional,Insuficiencia renal,080101,Soltero
58592048,Armida,Canales,Sans,2024-12-22,85,F,Domicilio,MINSA,Infarto,200101,Divorciado
39735904,Encarnacion,Aroca,Vázquez,2023-04-04,4,M,Hospital,MINSA,Accidente laboral,230101,Viudo
71477426,Fernanda,Anguita,Barrera,2024-10-06,46,F,Hospital,MINSA,Insuficiencia renal,030101,Viudo
63904155,Teodosio,Campoy,Trujillo,2024-06-18,47,F,Hospital,MINSA,Neumonía,110101,Divorciado
19863756,Trini,Berrocal,Montserrat,2021-12-13,40,F,Clínica,RENIEC,Infarto,210101,Divorciado
18815720,Edmundo,Llopis,Morcillo,2023-12-06,66,F,Hospital,Hospital Regional,Accidente laboral,120101,Divorciado
90180577,Bernarda,Mariño,Santiago,2024-12-27,27,F,Vía pública,MINSA,Infarto,200101,Soltero
91259008,Tito,Cabezas,Carbó,2025-05-18,57,M,Vía pública,RENIEC,Accidente laboral,240101,Viudo
38859907,Tito,Sanmiguel,Gracia,2024-03-17,85,F,Hospital,Hospital Regional,COVID-19,210101,Casado
55490631,Pastora,Santana,Pujadas,2024-03-24,46,M,Hospital,MINSA,Accidente laboral,200101,Casado
22762205,Matías,Roldán,Milla,2022-11-09,63,M,Domicilio,Hospital Regional,Cáncer,180101,Casado
60237832,Ezequiel,Sánchez,Bautista,2021-06-19,78,M,Hospital,Hospital Regional,Cáncer,160101,Divorciado
21457410,Ciro,Rosales,Bárcena,2023-11-10,98,F,Hospital,MINSA,COVID-19,230101,Soltero
27463800,Cayetana,Barreda,Murcia,2021-09-23,57,F,Domicilio,MINSA,Accidente laboral,180101,Casado
65137801,Paulino,Rocha,Aznar,2023-02-19,98,M,Vía pública,RENIEC,Accidente laboral,250101,Casado
90585678,Mateo,Ortiz,Calleja,2025-08-09,38,M,Clínica,Hospital Regional,Insuficiencia renal,140101,Viudo
78103759,Ibán,Cortes,Toledo,2022-08-06,66,F,Hospital,Hospital Regional,Accidente de tránsito,230101,Viudo
24524825,Pancho,Pedrero,Cardona,2023-01-22,16,F,Hospital,MINSA,Neumonía,190101,Casado
87054398,Jaime,Romeu,Amo,2022-12-18,21,F,Hospital,RENIEC,Infarto,080101,Viudo
13886030,Geraldo,Llano,Mendizábal,2023-07-31,83,M,Vía pública,RENIEC,Cáncer,230101,Viudo
57113566,Adolfo,Escudero,Clemente,2025-07-04,82,F,Vía pública,MINSA,Accidente laboral,240101,Divorciado
98227303,Salvador,Baños,Cifuentes,2020-12-13,38,F,Hospital,RENIEC,Accidente de tránsito,030101,Divorciado
22315507,Margarita,Garrido,Peñalver,2024-04-05,61,F,Clínica,Hospital Regional,Neumonía,200101,Viudo
70887307,Néstor,Criado,Pelayo,2023-05-05,91,F,Domicilio,Municipalidad,Accidente de tránsito,110101,Soltero
53537934,Maxi,Blazquez,Badía,2022-01-05,40,M,Vía pública,RENIEC,COVID-19,030101,Casado
31127198,Marisela,Ayala,Bilbao,2023-01-02,18,M,Hospital,Hospital Regional,Cáncer,220101,Divorciado
69473616,Gisela,Rodrigo,Torralba,2024-06-13,31,M,Domicilio,Hospital Regional,Accidente de tránsito,210101,Divorciado
65590800,Leandro,Garriga,Vila,2021-08-28,65,F,Vía pública,Hospital Regional,Cáncer,150101,Soltero
56328316,Tito,Cantero,Luque,2024-10-29,50,F,Clínica,MINSA,Neumonía,110101,Soltero
80723898,Guadalupe,Mendez,Arroyo,2022-07-26,6,F,Vía pública,Municipalidad,COVID-19,180101,Soltero
63051354,Elena,Ballesteros,Aguilera,2022-06-06,13,F,Clínica,Hospital Regional,Insuficiencia renal,110101,Divorciado
50455821,Héctor,Cervantes,Jaume,2023-02-25,46,M,Vía pública,RENIEC,Neumonía,180101,Casado
54039837,Dimas,Aguilera,Valencia,2024-05-08,46,F,Hospital,Municipalidad,Neumonía,030101,Viudo
33581357,Efraín,Pinto,Grau,2024-12-11,79,M,Clínica,RENIEC,Cáncer,110101,Viudo
84990607,Perla,Pablo,Bello,2024-01-25,71,F,Clínica,MINSA,Neumonía,170101,Divorciado
15677713,Tristán,Alfonso,Segura,2021-05-08,64,M,Hospital,RENIEC,Accidente de tránsito,100101,Divorciado
52018286,Coral,Román,Quiroga,2024-03-29,66,F,Clínica,MINSA,COVID-19,220101,Viudo
48858073,Darío,Quirós,Almansa,2023-06-15,20,F,Domicilio,Hospital Regional,Neumonía,170101,Divorciado
33068427,Nicolasa,Seguí,Paredes,2021-06-09,90,F,Vía pública,RENIEC,COVID-19,100101,Soltero
68614462,Rafaela,Camacho,Hervia,2024-05-24,53,F,Hospital,Municipalidad,COVID-19,230101,Casado
89036966,Salvador,Zamora,Bermúdez,2024-01-21,92,M,Vía pública,MINSA,Neumonía,230101,Divorciado
51644346,Marcia,Nicolás,Giralt,2023-07-10,18,M,Hospital,RENIEC,Accidente de tránsito,150101,Divorciado
32566390,Carmelo,Vicens,Carbonell,2025-03-15,40,F,Clínica,Municipalidad,Insuficiencia renal,130101,Divorciado
78444607,Guillermo,Olmedo,Ortega,2021-12-11,64,F,Hospital,MINSA,Neumonía,130101,Viudo
41711468,Cristian,Coll,Jaén,2022-05-14,84,F,Vía pública,Hospital Regional,Accidente de tránsito,030101,Viudo
33286644,Eligia,Coronado,Benet,2022-03-13,69,F,Domicilio,Municipalidad,Accidente de tránsito,140101,Viudo
94281857,Ana,Simó,Sanchez,2025-06-28,71,F,Clínica,Hospital Regional,Accidente laboral,020101,Casado
96300902,Fabiola,Moraleda,Molina,2021-12-22,88,F,Domicilio,Municipalidad,COVID-19,180101,Viudo
69023966,Borja,Somoza,Salamanca,2023-04-07,36,M,Vía pública,Municipalidad,Accidente laboral,110101,Casado
46866075,Domitila,Barbero,Ortiz,2025-01-02,37,M,Domicilio,RENIEC,COVID-19,030101,Viudo
19957701,Martín,Serrano,Sans,2021-01-03,95,F,Clínica,MINSA,Accidente laboral,180101,Viudo
17635653,Rafa,Madrid,Benítez,2021-06-16,71,F,Clínica,RENIEC,Neumonía,190101,Casado
92545028,Dorotea,Vendrell,Planas,2024-08-16,31,M,Clínica,MINSA,Infarto,250101,Divorciado
87890494,Casandra,Armengol,Sandoval,2025-07-21,42,F,Hospital,MINSA,Infarto,180101,Casado
97488142,Godofredo,Montoya,Tamarit,2024-12-14,52,F,Vía pública,MINSA,Accidente laboral,020101,Viudo
30248230,Bernabé,Sanjuan,Calderón,2023-08-12,36,M,Hospital,MINSA,Neumonía,080101,Casado
21318464,Anna,Duque,Ariza,2022-10-18,53,M,Hospital,Municipalidad,Accidente laboral,160101,Casado
68754920,Valentín,Zamora,Yáñez,2022-01-15,95,F,Hospital,RENIEC,COVID-19,190101,Soltero
58841557,Ramón,Luna,Ponce,2024-03-02,42,F,Vía pública,Municipalidad,Accidente de tránsito,170101,Divorciado
55414869,Iris,Badía,Nadal,2021-04-01,34,M,Hospital,Hospital Regional,Accidente de tránsito,030101,Viudo
54250344,Ciríaco,Pomares,Luz,2022-10-31,91,M,Hospital,Hospital Regional,Accidente laboral,020101,Casado
98122539,Victoria,Conesa,Mínguez,2021-05-20,22,F,Vía pública,Hospital Regional,Infarto,060101,Soltero
88213973,Gracia,Cid,Olmo,2023-04-30,23,M,Vía pública,Hospital Regional,Accidente de tránsito,150101,Viudo
98054173,Jovita,Pou,Castelló,2021-05-30,49,M,Vía pública,Hospital Regional,COVID-19,020101,Soltero
51551377,Celia,Peñas,Moya,2021-10-11,33,F,Clínica,RENIEC,Insuficiencia renal,250101,Divorciado
99941500,Julia,Zurita,Bueno,2024-04-16,39,M,Vía pública,Hospital Regional,Insuficiencia renal,250101,Viudo
78248169,Porfirio,Alfaro,Pareja,2023-04-26,47,M,Clínica,MINSA,Cáncer,200101,Divorciado
34194479,Iker,Noguera,Torre,2022-04-28,95,F,Vía pública,Municipalidad,Accidente laboral,180101,Casado
40406092,Emigdio,Cortina,Berenguer,2023-03-16,97,M,Hospital,Municipalidad,Neumonía,110101,Soltero
23574883,Anunciación,Zurita,Arellano,2023-07-22,72,M,Hospital,MINSA,Neumonía,180101,Casado
92950779,Eleuterio,Peñas,Correa,2022-01-26,21,F,Vía pública,RENIEC,Insuficiencia renal,130101,Divorciado
34272734,Paz,Daza,Río,2021-01-22,11,F,Hospital,Municipalidad,Accidente de tránsito,170101,Divorciado
65144509,Pánfilo,Gámez,Saldaña,2023-02-11,58,M,Vía pública,Hospital Regional,Insuficiencia renal,150101,Divorciado
70254091,Joaquín,Haro,Mendoza,2024-09-05,32,M,Clínica,RENIEC,Infarto,050101,Viudo
36040410,Quirino,Saez,Serrano,2023-02-01,89,M,Hospital,RENIEC,Cáncer,080101,Viudo
61254050,Ani,Álamo,Riquelme,2022-01-25,52,M,Clínica,Municipalidad,COVID-19,060101,Divorciado
36802975,Nicolasa,Chacón,Ibáñez,2021-02-18,48,F,Hospital,MINSA,Insuficiencia renal,110101,Soltero
96057593,Alicia,Pera,Calderon,2025-01-28,22,F,Clínica,MINSA,Accidente laboral,150101,Soltero
26733967,Lucas,Blanes,Cueto,2023-01-04,38,F,Vía pública,Municipalidad,Accidente laboral,140101,Casado
70306604,Vicenta,Vilanova,Colom,2024-05-30,58,F,Clínica,Hospital Regional,Accidente de tránsito,250101,Soltero
22309586,Visitación,Girona,Sanmartín,2023-08-31,84,F,Hospital,MINSA,Accidente de tránsito,040101,Soltero
13579612,Severino,Baeza,Prieto,2024-12-16,76,M,Vía pública,RENIEC,Accidente de tránsito,080101,Divorciado
60192261,Jonatan,Polo,Bilbao,2023-11-17,56,M,Clínica,RENIEC,Accidente de tránsito,170101,Viudo
40137082,Amaro,Montalbán,Cabeza,2023-07-17,29,F,Domicilio,MINSA,COVID-19,200101,Casado
29602406,Emigdio,Arenas,Madrid,2024-09-15,52,F,Domicilio,RENIEC,Neumonía,190101,Casado
28628439,Martina,Somoza,Sanabria,2020-09-25,80,F,Vía pública,RENIEC,COVID-19,230101,Divorciado
20633503,Alejo,Jaén,Garriga,2021-12-17,100,F,Vía pública,Municipalidad,Accidente de tránsito,020101,Divorciado
83659258,Lucía,Álamo,Rocha,2021-08-20,23,F,Clínica,MINSA,COVID-19,200101,Divorciado
48668339,Jordán,Mascaró,Carro,2021-02-04,7,F,Vía pública,MINSA,Cáncer,140101,Viudo
42002808,Simón,Sebastián,Barros,2021-08-19,26,F,Hospital,Municipalidad,Accidente laboral,110101,Soltero
77085942,Edelmira,Alegre,Villalba,2025-07-31,68,M,Hospital,Hospital Regional,Cáncer,240101,Soltero
42472386,Lina,Cobo,Manuel,2024-05-04,9,M,Clínica,Municipalidad,Accidente de tránsito,100101,Viudo
10209961,Encarnacion,Osorio,Hernandez,2025-07-17,1,M,Clínica,RENIEC,Insuficiencia renal,160101,Casado
65910756,Glauco,Boada,Zabaleta,2023-10-04,89,M,Vía pública,MINSA,Neumonía,100101,Viudo
19083764,Begoña,Vera,Vera,2025-05-27,48,F,Domicilio,Hospital Regional,COVID-19,110101,Divorciado
12729224,Rosario,Soriano,Arranz,2023-12-24,59,M,Vía pública,Hospital Regional,Accidente de tránsito,110101,Viudo
60103798,José Luis,Alegre,Palau,2021-04-06,52,M,Clínica,MINSA,Infarto,120101,Divorciado
56278607,Jose Angel,Calleja,Márquez,2021-10-28,37,M,Clínica,Hospital Regional,Accidente de tránsito,060101,Casado
15950635,Pastor,Nevado,Díez,2024-08-22,63,F,Domicilio,Municipalidad,Insuficiencia renal,230101,Divorciado
74227366,Evangelina,Esparza,Cepeda,2021-03-24,58,M,Domicilio,MINSA,Accidente de tránsito,180101,Divorciado
71428713,Angelino,Marcos,Fortuny,2021-01-23,23,M,Hospital,RENIEC,Accidente laboral,240101,Soltero
36772387,Soraya,Arnaiz,Moles,2023-04-30,97,M,Vía pública,MINSA,Accidente laboral,230101,Casado
79173614,Rómulo,Sáenz,Isern,2020-12-31,8,M,Hospital,MINSA,Neumonía,030101,Viudo
96825515,Graciano,Macias,Palau,2021-02-04,7,F,Vía pública,RENIEC,Infarto,180101,Divorciado
98010774,Natanael,Llano,Casanova,2023-10-27,1,M,Domicilio,Hospital Regional,Infarto,170101,Divorciado
68646621,Tamara,Páez,Sabater,2023-12-24,22,M,Hospital,MINSA,Accidente de tránsito,130101,Viudo
55504725,Glauco,Valderrama,Valencia,2023-10-25,45,F,Vía pública,RENIEC,COVID-19,060101,Divorciado
79696025,Juanito,Blanch,Rodriguez,2021-05-12,72,M,Clínica,Hospital Regional,Insuficiencia renal,040101,Soltero
67795113,Eligia,Escribano,Marin,2023-06-03,11,F,Vía pública,Municipalidad,Neumonía,160101,Soltero
23770458,Cebrián,Mosquera,Marqués,2023-04-19,81,M,Clínica,RENIEC,Cáncer,050101,Viudo
69849800,Elisa,Rojas,Diaz,2024-06-19,72,M,Hospital,MINSA,Accidente de tránsito,190101,Divorciado
57183837,Victoriano,Arnal,Osorio,2024-05-22,34,M,Hospital,Hospital Regional,Neumonía,190101,Soltero
46850196,Feliciana,Barceló,Benavides,2024-02-23,22,F,Hospital,MINSA,Neumonía,200101,Divorciado
58762794,Armida,Cuesta,Anguita,2021-11-26,9,F,Clínica,MINSA,Neumonía,060101,Viudo
91547054,Irene,Ríos,Arana,2021-10-06,49,M,Hospital,Hospital Regional,Infarto,250101,Divorciado
19023909,Jonatan,Pazos,Paredes,2023-12-12,29,M,Domicilio,Municipalidad,Accidente laboral,100101,Soltero
86134287,Anacleto,Corral,Sandoval,2023-11-05,81,F,Vía pública,Municipalidad,Accidente de tránsito,110101,Divorciado
59930790,Vicente,Benítez,Cervantes,2025-03-11,55,M,Vía pública,RENIEC,Accidente laboral,220101,Viudo
59251188,Rómulo,Miralles,Lopez,2022-10-24,31,M,Hospital,Hospital Regional,Accidente de tránsito,060101,Casado
25226815,Amancio,Estrada,Valera,2025-02-03,94,F,Domicilio,Hospital Regional,Infarto,040101,Soltero
61940566,Xiomara,Carranza,Juárez,2022-11-26,39,F,Domicilio,Hospital Regional,Infarto,200101,Soltero
69897763,Iker,Machado,Tudela,2022-05-23,23,F,Vía pública,Municipalidad,Infarto,150101,Soltero
26460116,Elpidio,Benavent,Sans,2022-02-27,45,M,Domicilio,Municipalidad,Infarto,020101,Divorciado
69741812,Chucho,Montenegro,Olivera,2021-03-29,49,M,Clínica,MINSA,Insuficiencia renal,060101,Casado
83819367,Candela,Manrique,Marín,2022-01-11,17,F,Domicilio,Hospital Regional,Cáncer,200101,Soltero
95590648,Félix,Pardo,Verdugo,2022-08-06,21,F,Domicilio,Municipalidad,COVID-19,160101,Soltero
26288992,Herberto,Chamorro,Guzmán,2024-11-21,46,F,Clínica,Municipalidad,Neumonía,220101,Casado
13527782,Poncio,Peinado,Solsona,2025-05-19,58,M,Clínica,Hospital Regional,Infarto,060101,Viudo
27417599,Emma,Boix,Bastida,2023-04-27,79,F,Domicilio,Municipalidad,COVID-19,050101,Casado
63440127,Liliana,Tejero,Zaragoza,2024-03-08,38,F,Clínica,Municipalidad,COVID-19,210101,Divorciado
64953237,Palmira,Benavent,Casares,2023-05-21,40,F,Vía pública,MINSA,COVID-19,060101,Viudo
96213226,Candelario,Sandoval,Solano,2025-02-02,100,F,Domicilio,RENIEC,Neumonía,130101,Casado
56239991,Eduardo,Espada,Castelló,2024-05-15,87,M,Vía pública,MINSA,Cáncer,020101,Soltero
77493234,Visitación,Baquero,Casanova,2025-02-04,52,F,Clínica,Hospital Regional,Accidente de tránsito,120101,Casado
30537388,Marco,Cózar,Cáceres,2023-06-08,91,F,Vía pública,RENIEC,Cáncer,220101,Divorciado
40262109,Osvaldo,Villena,Luz,2021-05-12,74,F,Vía pública,RENIEC,Accidente laboral,110101,Soltero
43635675,Haroldo,Llobet,Casares,2023-04-07,13,M,Domicilio,MINSA,Insuficiencia renal,220101,Soltero
92467167,Bibiana,Bueno,Valverde,2022-02-14,72,F,Domicilio,Municipalidad,Infarto,150101,Soltero
89431184,Custodia,Correa,Donoso,2023-07-24,33,M,Clínica,Municipalidad,COVID-19,060101,Divorciado
85647532,Ariel,Andrade,Bertrán,2021-01-28,98,M,Domicilio,RENIEC,Cáncer,250101,Viudo
96094462,María Manuela,Landa,Galvez,2025-07-22,53,M,Hospital,MINSA,COVID-19,020101,Viudo
65913331,Esmeralda,Anglada,Valenciano,2025-05-01,58,M,Vía pública,Hospital Regional,Cáncer,250101,Divorciado
48879071,Felisa,Matas,Tomas,2022-10-09,92,F,Domicilio,RENIEC,COVID-19,080101,Soltero
64504816,Manuel,Santana,Beltran,2021-03-14,2,F,Hospital,MINSA,Insuficiencia renal,140101,Casado
31217198,Valerio,Ricart,Tomé,2024-08-21,70,M,Domicilio,Municipalidad,Cáncer,140101,Divorciado
37383505,Noé,Cobo,Milla,2023-05-29,80,M,Clínica,Municipalidad,Cáncer,150101,Casado
56354851,Sabas,Castrillo,Pellicer,2025-01-25,57,F,Vía pública,RENIEC,Insuficiencia renal,130101,Casado
85383550,Curro,Montaña,Herranz,2024-08-28,35,M,Hospital,MINSA,COVID-19,100101,Casado
26444612,Juanito,Sancho,Huguet,2021-11-20,58,M,Domicilio,Municipalidad,Neumonía,230101,Viudo
22993840,Aureliano,Manrique,Plana,2024-03-31,76,F,Vía pública,RENIEC,COVID-19,110101,Divorciado
43322272,Rosenda,Cuesta,Morán,2025-08-08,79,M,Domicilio,RENIEC,Insuficiencia renal,200101,Viudo
51971886,Goyo,Cuervo,Valentín,2025-01-25,15,M,Domicilio,RENIEC,Accidente de tránsito,110101,Casado
72654864,Andrea,Mendez,Valencia,2020-11-20,65,F,Vía pública,MINSA,Neumonía,060101,Divorciado
22086184,Rubén,Vega,Sebastián,2022-09-26,23,F,Clínica,MINSA,Cáncer,020101,Casado
38876195,Dalila,Osorio,Atienza,2021-02-13,23,F,Vía pública,RENIEC,Accidente laboral,110101,Soltero
47763008,Ana Belén,Sosa,Macias,2025-04-03,62,M,Clínica,Municipalidad,Neumonía,170101,Divorciado
11097552,Rebeca,Campos,Rosa,2021-10-30,52,F,Vía pública,Municipalidad,Cáncer,210101,Soltero
45496951,Lucía,Paz,Quintana,2023-10-20,72,M,Clínica,Hospital Regional,Infarto,120101,Casado
16072331,Salvador,Azcona,Ferreras,2023-10-10,68,F,Clínica,Municipalidad,Neumonía,160101,Soltero
84252324,Luis,Beltrán,Pomares,2024-12-23,73,M,Domicilio,Hospital Regional,Neumonía,080101,Divorciado
70445541,María Cristina,Losa,Carrera,2021-10-13,69,M,Vía pública,RENIEC,Insuficiencia renal,230101,Casado
22976369,Rufino,Perea,Nicolau,2025-06-08,38,M,Vía pública,Hospital Regional,COVID-19,040101,Divorciado
59070856,Marisol,Cobos,Flor,2025-01-07,15,M,Clínica,Hospital Regional,Accidente laboral,220101,Divorciado
63873262,Angelita,Arjona,Arrieta,2021-01-07,21,M,Clínica,MINSA,Accidente laboral,080101,Viudo
28392710,Leyre,Mínguez,Sáez,2025-02-08,68,F,Clínica,Hospital Regional,Insuficiencia renal,020101,Viudo
71335966,Eustaquio,Villalba,Chaves,2023-06-24,73,F,Hospital,MINSA,Accidente laboral,050101,Soltero
92284610,Melchor,Cámara,Pozo,2023-03-27,35,M,Clínica,MINSA,Accidente de tránsito,100101,Casado
89688374,Nicodemo,Vendrell,Vergara,2025-03-20,97,F,Vía pública,MINSA,Neumonía,230101,Viudo
75746104,Leandra,Marí,Taboada,2020-10-30,80,F,Vía pública,Municipalidad,Infarto,230101,Soltero
59440148,Natanael,Canals,Riera,2025-08-27,51,F,Domicilio,Municipalidad,Cáncer,100101,Soltero
51295819,Natividad,Amor,Sánchez,2022-12-12,99,M,Vía pública,Hospital Regional,Accidente laboral,040101,Divorciado
97991930,Micaela,Goñi,Aznar,2025-08-26,27,F,Clínica,Municipalidad,COVID-19,100101,Viudo
74484744,Francisco,Zamora,Pinto,2021-12-12,43,M,Vía pública,Hospital Regional,Insuficiencia renal,080101,Soltero
42507072,Amílcar,Canet,Farré,2020-11-06,12,F,Hospital,RENIEC,Accidente laboral,210101,Divorciado
69195194,Mauricio,Riquelme,Cordero,2024-03-15,58,M,Vía pública,MINSA,Insuficiencia renal,200101,Viudo
37365878,Segismundo,Valls,Soto,2021-03-21,20,F,Hospital,Hospital Regional,COVID-19,040101,Viudo
28533117,Aurelia,Galan,Morcillo,2024-10-04,85,M,Hospital,Municipalidad,Insuficiencia renal,020101,Casado
80528349,Renato,Mir,Duran,2024-08-07,54,M,Hospital,RENIEC,Accidente de tránsito,160101,Soltero
81555103,Octavio,Pablo,Lamas,2024-10-22,16,M,Vía pública,RENIEC,Infarto,100101,Soltero
35805259,Jose Manuel,Lorenzo,Martín,2022-08-08,54,M,Vía pública,RENIEC,Accidente de tránsito,060101,Soltero
49945150,María Manuela,Malo,Galan,2024-11-06,93,M,Hospital,Hospital Regional,COVID-19,020101,Casado
52552488,Alexandra,Oller,Llanos,2023-02-20,48,M,Clínica,RENIEC,Neumonía,190101,Soltero
26357665,Consuela,Pino,Prat,2023-08-17,78,M,Vía pública,Hospital Regional,Insuficiencia renal,130101,Casado
29659692,Luis Ángel,Arnal,Maestre,2021-05-12,52,F,Clínica,RENIEC,Infarto,200101,Soltero
56488123,Ámbar,Salamanca,Jerez,2024-10-06,75,F,Domicilio,Municipalidad,COVID-19,200101,Casado
38720823,Heriberto,Linares,Llabrés,2021-11-09,35,M,Clínica,Hospital Regional,Accidente laboral,150101,Viudo
24660143,Encarnación,Heras,Herrera,2021-02-13,26,M,Vía pública,Hospital Regional,Insuficiencia renal,080101,Casado
99903592,Verónica,Gonzalez,Guerrero,2021-02-19,63,F,Hospital,MINSA,Cáncer,230101,Soltero
23448342,Severiano,Murillo,Sureda,2021-07-18,67,M,Domicilio,Hospital Regional,Accidente de tránsito,060101,Divorciado
28450513,Adelardo,Cruz,Ramírez,2024-09-25,46,M,Vía pública,RENIEC,Infarto,190101,Soltero
74082055,Florina,Flores,Madrigal,2023-06-03,1,F,Clínica,RENIEC,Infarto,060101,Viudo
48307798,Flavia,Barranco,Borrás,2025-07-28,80,F,Vía pública,Municipalidad,Infarto,230101,Casado
41168067,Bienvenida,Arcos,Díez,2024-03-30,35,M,Domicilio,RENIEC,Neumonía,130101,Casado
33593960,Zaira,Arce,Puerta,2024-11-26,68,F,Vía pública,RENIEC,COVID-19,050101,Casado
35006323,Marianela,Mancebo,Arcos,2020-10-07,7,M,Hospital,Municipalidad,Infarto,030101,Soltero
50049524,Clementina,Campo,Naranjo,2023-02-10,39,M,Hospital,RENIEC,Insuficiencia renal,200101,Soltero
70981700,Felipa,Zamora,Uribe,2021-10-30,20,F,Domicilio,Hospital Regional,Accidente de tránsito,110101,Casado
77674279,Adelina,Llamas,Fernández,2021-08-24,95,F,Hospital,RENIEC,COVID-19,050101,Viudo
54383668,Fermín,Segarra,Jimenez,2022-04-10,67,M,Domicilio,RENIEC,Cáncer,030101,Viudo
11890348,Maite,Navas,Marquez,2025-07-09,7,F,Clínica,Hospital Regional,Accidente de tránsito,120101,Soltero
35925669,Gabino,Ramirez,Roma,2025-01-26,73,M,Clínica,RENIEC,Infarto,150101,Casado
54013571,Chema,Pérez,Bustos,2022-04-06,5,F,Domicilio,Municipalidad,Accidente de tránsito,210101,Soltero
28872606,Albina,Morales,Hurtado,2020-09-30,70,F,Clínica,Hospital Regional,Accidente de tránsito,050101,Viudo
45002007,Rodolfo,Gutiérrez,Salom,2022-12-17,34,M,Domicilio,RENIEC,Neumonía,240101,Soltero
54241559,Marciano,Alberdi,Jurado,2023-10-01,22,M,Hospital,Municipalidad,Infarto,030101,Viudo
41715995,Bernabé,Carrasco,Solana,2023-04-20,99,F,Domicilio,RENIEC,Neumonía,030101,Soltero
31436829,Santiago,Valverde,Mercader,2021-09-08,47,M,Domicilio,Hospital Regional,Insuficiencia renal,220101,Casado
95726382,Yésica,Marquez,Pedrero,2022-07-27,59,F,Vía pública,MINSA,Insuficiencia renal,180101,Casado
39410942,Eliseo,Tejera,Coronado,2024-07-23,19,M,Vía pública,RENIEC,Accidente de tránsito,180101,Viudo
91300905,Raúl,Ricart,Sotelo,2025-04-06,81,M,Domicilio,RENIEC,Accidente laboral,240101,Divorciado
99133246,Paola,Gil,Huertas,2021-05-21,94,F,Hospital,MINSA,Neumonía,140101,Divorciado
80532309,Victoriano,Álvarez,Pardo,2021-05-09,62,M,Clínica,Hospital Regional,Infarto,080101,Casado
85721444,Dani,Barrio,Vega,2022-05-30,66,F,Domicilio,Municipalidad,Insuficiencia renal,040101,Soltero
86866717,Brunilda,Conde,Córdoba,2023-06-25,64,M,Vía pública,RENIEC,Neumonía,190101,Soltero
79839059,Vasco,Carnero,Fuertes,2025-08-25,55,M,Clínica,Hospital Regional,COVID-19,100101,Divorciado
75609379,Ciriaco,Vicens,Salinas,2021-02-28,89,F,Domicilio,Municipalidad,COVID-19,140101,Soltero
70858653,Eligio,Vilanova,Ribes,2024-07-29,25,M,Hospital,MINSA,Infarto,210101,Divorciado
85686878,Bautista,Sevilla,Mendez,2020-11-15,59,F,Vía pública,RENIEC,Neumonía,110101,Casado
63143336,José Manuel,Acero,Gibert,2025-08-10,57,F,Vía pública,Hospital Regional,Accidente laboral,250101,Soltero
19801857,Artemio,Roda,Ocaña,2021-03-26,20,F,Hospital,MINSA,Accidente laboral,100101,Casado
82633735,Benito,Bayón,Suarez,2020-12-16,11,M,Domicilio,Municipalidad,Neumonía,080101,Viudo
48532662,Sebastian,Escolano,Cerdá,2024-04-07,33,M,Hospital,Municipalidad,Accidente laboral,030101,Casado
60259293,Tatiana,Piñeiro,Sanabria,2023-11-25,12,F,Hospital,MINSA,Infarto,150101,Soltero
60418290,Cecilio,Cañas,Oliveras,2021-09-12,99,M,Clínica,MINSA,Accidente laboral,060101,Viudo
33954324,Brígida,Pozo,Ángel,2021-10-09,87,M,Domicilio,RENIEC,Infarto,040101,Casado
39888974,Perlita,Acevedo,Alsina,2023-03-24,82,F,Clínica,RENIEC,Accidente laboral,100101,Soltero
72143331,Ignacia,Rodrigo,Pinilla,2022-08-23,5,F,Hospital,MINSA,Neumonía,050101,Divorciado
43220503,Édgar,Oliva,Cortina,2023-01-13,63,M,Vía pública,Municipalidad,Accidente de tránsito,110101,Casado
35297417,Sara,Carbajo,Antón,2024-04-03,23,F,Domicilio,Municipalidad,Accidente de tránsito,080101,Casado
92533595,María Dolores,Alcázar,Hernandez,2022-06-11,82,F,Vía pública,Municipalidad,Neumonía,160101,Soltero
19031632,Cosme,Aragonés,Salom,2021-02-07,11,F,Vía pública,MINSA,Cáncer,130101,Casado
42847661,Manu,Arregui,Quesada,2024-06-03,80,M,Vía pública,Hospital Regional,Cáncer,180101,Divorciado
41452485,Calista,Gaya,Barbero,2021-11-18,44,F,Vía pública,Hospital Regional,Accidente de tránsito,150101,Viudo
77631755,Luis Miguel,Guillén,Montaña,2025-08-08,76,M,Hospital,Hospital Regional,Infarto,160101,Viudo
90251151,María Teresa,Montes,Gálvez,2023-04-04,98,M,Clínica,RENIEC,Accidente de tránsito,240101,Casado
29228089,Gertrudis,Vázquez,Giner,2024-03-16,34,M,Clínica,Municipalidad,COVID-19,210101,Casado
50332555,Leonardo,Barrera,Díez,2024-04-28,30,F,Domicilio,RENIEC,Insuficiencia renal,110101,Casado
84605013,Ana Sofía,Arévalo,Ocaña,2023-12-07,72,M,Vía pública,Hospital Regional,Accidente de tránsito,160101,Soltero
80392240,Melchor,Rico,Real,2021-12-16,11,M,Clínica,MINSA,Infarto,170101,Divorciado
50250352,Renato,Espejo,Sáenz,2022-09-27,0,F,Clínica,MINSA,COVID-19,210101,Viudo
40245233,Marcelo,Cobos,Sierra,2021-03-07,7,M,Clínica,MINSA,Accidente laboral,250101,Viudo
85482164,Seve,Riera,Cañete,2023-12-29,9,F,Vía pública,RENIEC,COVID-19,020101,Viudo
42595918,José Mari,Frutos,Murillo,2021-05-12,17,M,Vía pública,Municipalidad,Insuficiencia renal,100101,Casado
70369365,Rebeca,Peláez,Bru,2025-03-31,90,F,Clínica,MINSA,Cáncer,020101,Viudo
35566010,Aurelio,Ledesma,Pi,2021-01-09,16,M,Hospital,Municipalidad,Accidente laboral,190101,Soltero
19768947,Godofredo,Gaya,Tello,2022-06-19,23,F,Clínica,RENIEC,Cáncer,200101,Viudo
54689713,Marcio,Alcántara,Galán,2022-04-22,95,M,Clínica,Hospital Regional,COVID-19,210101,Soltero
25745913,Margarita,Tejero,Herrera,2022-06-06,90,F,Vía pública,RENIEC,COVID-19,130101,Casado
63235053,Yolanda,Heras,Montoya,2023-02-05,88,M,Domicilio,Hospital Regional,Accidente laboral,250101,Soltero
61091554,Adelaida,Palomar,Mendez,2022-11-30,6,F,Vía pública,Municipalidad,Accidente de tránsito,050101,Divorciado
58270683,Armida,Valencia,Solano,2021-07-12,48,F,Vía pública,RENIEC,Accidente laboral,160101,Casado
73013937,María,Montero,Frutos,2023-11-04,20,F,Hospital,RENIEC,COVID-19,150101,Viudo
51999682,Severiano,Arroyo,Giralt,2021-12-06,33,M,Hospital,Hospital Regional,Accidente de tránsito,060101,Casado
12176998,Juan Carlos,Rios,Marquez,2021-12-26,93,M,Hospital,Hospital Regional,Neumonía,220101,Divorciado
36332415,Narciso,Grau,Pino,2025-07-15,90,M,Vía pública,MINSA,Neumonía,050101,Casado
42981324,Angelina,Nebot,Jiménez,2024-11-05,6,M,Domicilio,MINSA,Accidente de tránsito,050101,Viudo
96126771,Manola,Trujillo,Serna,2022-02-13,84,F,Domicilio,MINSA,Infarto,080101,Divorciado
57268285,Fortunato,Chaves,Torres,2022-04-03,73,F,Clínica,RENIEC,COVID-19,150101,Divorciado
82764376,Felisa,Barral,Zamora,2020-12-23,11,F,Vía pública,MINSA,Infarto,150101,Casado
19976458,Olimpia,Atienza,Agudo,2024-03-13,21,F,Hospital,Municipalidad,Accidente laboral,250101,Viudo
28453800,Purificación,Guardia,Bayo,2021-12-22,100,F,Vía pública,Municipalidad,Insuficiencia renal,120101,Soltero
11226946,Isaías,Vega,Sarmiento,2023-11-12,82,F,Clínica,Hospital Regional,Cáncer,110101,Casado
18113477,Esmeralda,Tomas,Torrents,2020-10-27,57,M,Domicilio,Municipalidad,Cáncer,120101,Casado
10887495,Bernardita,Reina,Albero,2020-10-30,34,M,Clínica,RENIEC,Infarto,240101,Viudo
81057233,Lorenza,Llobet,Madrid,2020-11-01,69,F,Clínica,RENIEC,Accidente laboral,060101,Divorciado
77406294,Odalis,Ros,Escobar,2021-08-07,68,F,Clínica,Municipalidad,COVID-19,040101,Divorciado
22927031,Azucena,Comas,Hernando,2022-04-28,91,M,Clínica,RENIEC,Accidente laboral,030101,Casado
93185576,Belen,Iniesta,Pablo,2022-12-18,21,M,Clínica,MINSA,Infarto,050101,Soltero
63270536,Cayetano,Perea,Ramis,2024-08-05,87,F,Clínica,MINSA,Accidente laboral,220101,Viudo
85833309,Jose Francisco,Gonzalez,Marín,2021-05-17,40,M,Hospital,Municipalidad,Neumonía,060101,Viudo
97742922,Rosa,Angulo,Bueno,2024-02-20,35,F,Hospital,Municipalidad,Infarto,050101,Casado
60903955,René,Tamarit,Barba,2020-10-08,18,M,Hospital,RENIEC,Accidente laboral,020101,Viudo
33002714,Celestino,Valero,Roura,2023-07-05,52,F,Vía pública,Municipalidad,Neumonía,220101,Divorciado
85947990,Rosa,Bustos,Álvarez,2021-01-19,4,M,Domicilio,Municipalidad,Accidente de tránsito,220101,Divorciado
40838737,Héctor,Talavera,Linares,2021-01-31,4,F,Domicilio,MINSA,Infarto,160101,Viudo
19978827,Isaura,Lozano,Aparicio,2022-03-20,47,M,Domicilio,Hospital Regional,COVID-19,120101,Divorciado
52209421,Alcides,Galan,Cobos,2024-01-29,89,M,Clínica,MINSA,COVID-19,030101,Viudo
20326375,Marcelino,Cámara,Hernandez,2025-07-05,34,F,Hospital,MINSA,Cáncer,130101,Divorciado
62231715,Inés,Mármol,Plana,2021-11-17,94,F,Domicilio,RENIEC,Neumonía,210101,Soltero
20526386,Angelita,Oliva,Baeza,2021-07-09,39,F,Clínica,RENIEC,Accidente de tránsito,130101,Casado
68664992,Jesús,Benitez,Niño,2024-01-24,7,M,Hospital,Municipalidad,Infarto,110101,Casado
53805532,Amor,Llano,Sanjuan,2024-11-11,35,F,Vía pública,Municipalidad,Insuficiencia renal,250101,Soltero
40620216,Pelayo,Perez,Rosales,2022-04-09,30,F,Vía pública,Municipalidad,Accidente de tránsito,160101,Viudo
88634827,Gertrudis,Pinto,Boada,2023-03-15,44,M,Domicilio,RENIEC,COVID-19,150101,Divorciado
43077929,Leyre,Beltrán,Blanca,2022-12-20,6,M,Clínica,MINSA,Insuficiencia renal,140101,Casado
30699187,Ricardo,Correa,Porras,2023-05-20,34,F,Hospital,RENIEC,Cáncer,200101,Casado
58412365,Custodio,Bravo,Adadia,2023-04-24,76,M,Clínica,Hospital Regional,Neumonía,020101,Viudo
69691437,Plácido,Lerma,Calatayud,2021-10-25,54,F,Domicilio,Municipalidad,COVID-19,130101,Divorciado
21716836,Glauco,Rosa,Sanchez,2025-06-05,38,F,Hospital,RENIEC,Neumonía,240101,Viudo
84455942,Ariel,Raya,Calderón,2020-11-29,71,F,Domicilio,RENIEC,Cáncer,040101,Viudo
22028437,Paulino,Buendía,Morata,2023-12-19,35,F,Domicilio,Hospital Regional,Insuficiencia renal,230101,Viudo
11656329,Lupe,Riba,Pons,2021-05-30,24,M,Clínica,RENIEC,Accidente laboral,220101,Divorciado
85099723,Verónica,Herrero,Vázquez,2022-02-17,84,F,Clínica,RENIEC,Insuficiencia renal,160101,Viudo
61100987,Fortunato,Chamorro,Leiva,2023-04-02,33,F,Vía pública,Municipalidad,Insuficiencia renal,080101,Casado
46024950,América,Coello,Barroso,2022-02-10,43,M,Vía pública,Hospital Regional,Neumonía,020101,Casado
68341261,Leoncio,Robledo,Marí,2024-10-22,84,M,Domicilio,RENIEC,Cáncer,200101,Viudo
20324210,Poncio,Infante,Huerta,2024-11-27,92,M,Domicilio,RENIEC,Accidente de tránsito,110101,Casado
89699345,Encarnita,Ferrán,Seco,2021-08-07,95,F,Vía pública,Hospital Regional,COVID-19,120101,Viudo
28185096,Marco,Agudo,Priego,2023-07-08,59,M,Vía pública,RENIEC,Accidente laboral,230101,Soltero
93240786,Ricardo,Mur,Sacristán,2023-07-15,60,M,Hospital,Municipalidad,Neumonía,020101,Divorciado
67796330,Olalla,Cerdán,Mas,2023-06-02,6,M,Clínica,MINSA,COVID-19,050101,Divorciado
90961645,Jordana,Font,Tello,2023-05-13,18,F,Clínica,RENIEC,Cáncer,100101,Casado
33842070,Rómulo,Montaña,Manuel,2024-11-12,40,M,Hospital,Municipalidad,COVID-19,130101,Casado
87293208,Merche,Herrera,Moreno,2023-11-21,73,M,Vía pública,RENIEC,Accidente de tránsito,220101,Divorciado
47621248,Olga,Pozo,Patiño,2021-08-28,81,F,Vía pública,Municipalidad,Cáncer,060101,Soltero
85678734,Heraclio,Escolano,Amores,2024-08-13,4,M,Domicilio,RENIEC,COVID-19,170101,Casado
38138531,Urbano,Manuel,Bayón,2024-03-03,2,M,Clínica,MINSA,Insuficiencia renal,110101,Viudo
77015343,Emilio,Mateo,Herranz,2022-11-03,16,M,Vía pública,Hospital Regional,Accidente de tránsito,040101,Soltero
98404247,Fabio,Rocha,Pi,2021-04-26,38,F,Vía pública,Hospital Regional,Cáncer,240101,Casado
70272714,Elba,Tello,Pérez,2025-03-27,43,F,Domicilio,MINSA,Accidente de tránsito,060101,Soltero
77996397,Águeda,Ripoll,Arco,2023-10-01,29,M,Clínica,MINSA,Insuficiencia renal,150101,Casado
82062301,Dorotea,Blázquez,Canales,2022-10-20,15,F,Hospital,Municipalidad,Insuficiencia renal,120101,Soltero
98261798,Graciana,Padilla,Delgado,2021-01-24,76,M,Hospital,RENIEC,Infarto,250101,Divorciado
85594147,Filomena,Pulido,Mármol,2024-05-08,56,F,Hospital,Hospital Regional,Cáncer,200101,Casado
24219637,Agustín,Cabello,Jordán,2022-07-30,88,M,Domicilio,Municipalidad,Insuficiencia renal,250101,Viudo
78541804,Margarita,Villena,Giner,2024-06-24,79,M,Vía pública,RENIEC,Neumonía,220101,Soltero
60213478,Rosendo,Sierra,Vall,2021-12-21,36,M,Hospital,Municipalidad,Accidente de tránsito,220101,Casado
56300738,Amador,Tolosa,Calvo,2023-03-15,99,F,Clínica,Hospital Regional,Insuficiencia renal,050101,Viudo
65831276,Zoraida,Boada,Carmona,2021-11-23,20,M,Vía pública,MINSA,Insuficiencia renal,160101,Viudo
56751880,Mateo,Novoa,Sarabia,2022-06-13,30,M,Hospital,RENIEC,Infarto,190101,Divorciado
79942848,Almudena,Olivé,Tamayo,2021-07-09,19,M,Hospital,RENIEC,COVID-19,230101,Casado
68809636,Lorenza,Santamaria,Montaña,2021-04-05,58,F,Domicilio,Municipalidad,Infarto,250101,Casado
50300763,Arsenio,Cardona,Alsina,2023-08-10,5,F,Domicilio,Hospital Regional,Cáncer,250101,Soltero
96969050,César,Córdoba,Hervás,2025-01-29,97,M,Hospital,MINSA,Insuficiencia renal,230101,Casado
33414716,Carmina,Cuesta,Muro,2025-06-14,42,F,Vía pública,Hospital Regional,Insuficiencia renal,040101,Viudo
67226329,Óscar,Guardiola,Quirós,2022-04-05,43,M,Hospital,Municipalidad,Cáncer,030101,Viudo
35016429,Felicidad,Rosell,Priego,2020-12-08,49,F,Vía pública,MINSA,Infarto,200101,Soltero
92424037,Sol,Figueroa,Sancho,2024-05-05,20,M,Vía pública,Municipalidad,Accidente laboral,190101,Divorciado
62188655,Adalberto,Garmendia,Fuster,2023-01-21,23,F,Domicilio,RENIEC,Accidente laboral,240101,Casado
18397164,Crescencia,Cal,Estévez,2023-10-20,61,F,Hospital,Municipalidad,Cáncer,080101,Soltero
53752954,Haroldo,Seco,Carbonell,2022-12-03,33,F,Hospital,MINSA,Insuficiencia renal,100101,Soltero
75697427,Belén,Millán,Pont,2024-01-11,55,M,Vía pública,Hospital Regional,Insuficiencia renal,240101,Divorciado
88786439,Danilo,Oliveras,Ortiz,2024-08-01,19,M,Hospital,MINSA,Neumonía,160101,Divorciado
92861016,Francisco Jose,Martorell,Blazquez,2021-10-30,21,M,Vía pública,Hospital Regional,Accidente de tránsito,100101,Viudo
52035079,Desiderio,Gómez,Mayoral,2021-09-07,6,M,Vía pública,Municipalidad,Accidente laboral,140101,Soltero
34567819,Raúl,Cid,Vicente,2023-12-29,58,F,Vía pública,RENIEC,Accidente laboral,160101,Divorciado
66135102,Débora,Cervera,Pla,2024-04-15,40,M,Vía pública,RENIEC,Infarto,060101,Divorciado
34931439,Amanda,Duran,Diaz,2024-11-08,4,M,Hospital,Hospital Regional,Neumonía,180101,Casado
48766747,Enrique,Exposito,Miranda,2024-07-11,83,F,Domicilio,Hospital Regional,Accidente laboral,080101,Casado
93135800,Balduino,Palomar,Agustí,2024-10-23,58,F,Vía pública,Hospital Regional,Insuficiencia renal,030101,Soltero
28325379,Guiomar,Plana,Vega,2024-11-24,12,M,Hospital,Hospital Regional,COVID-19,230101,Viudo
64913082,Isidora,Téllez,Ricart,2024-06-18,70,F,Hospital,RENIEC,Accidente de tránsito,160101,Casado
75592138,Florencio,Blanch,Anguita,2022-07-26,91,F,Hospital,Hospital Regional,Neumonía,130101,Casado
49203644,Anacleto,Llobet,Gomila,2025-04-06,15,F,Clínica,Municipalidad,Accidente laboral,130101,Viudo
48744673,Florentino,Sebastián,Valbuena,2025-05-13,13,F,Hospital,RENIEC,Accidente laboral,030101,Divorciado
78559218,Daniel,Carbonell,Leal,2025-04-23,84,M,Vía pública,RENIEC,Neumonía,080101,Divorciado
59239353,Candela,Arnaiz,Sainz,2025-05-03,74,F,Clínica,MINSA,Insuficiencia renal,200101,Soltero
39332201,Teodoro,Calatayud,Huertas,2023-03-22,49,F,Vía pública,Municipalidad,Neumonía,140101,Viudo
14325890,Vinicio,Jódar,Olivé,2021-06-06,50,F,Domicilio,Municipalidad,Accidente laboral,200101,Casado
68930964,Rosenda,Carpio,Gálvez,2022-06-23,52,F,Domicilio,MINSA,Accidente de tránsito,130101,Viudo
88909809,Jennifer,Orozco,Roman,2022-02-06,87,F,Clínica,MINSA,Neumonía,180101,Viudo
92698414,Emilio,Gabaldón,Gabaldón,2021-03-12,90,M,Domicilio,Municipalidad,Neumonía,190101,Divorciado
86514083,Pascual,Lucas,Diéguez,2023-06-11,86,F,Vía pública,RENIEC,Neumonía,250101,Soltero
49276764,Luis Miguel,Lastra,Vilar,2021-07-01,48,M,Hospital,RENIEC,Accidente de tránsito,120101,Casado
28198434,Maricela,Reina,Barranco,2023-01-18,36,F,Clínica,RENIEC,Insuficiencia renal,020101,Casado
98032908,Edmundo,Cazorla,Iborra,2021-12-07,96,M,Domicilio,Municipalidad,Infarto,220101,Casado
53231088,Patricia,Huertas,Pozo,2024-11-07,95,F,Clínica,Hospital Regional,Insuficiencia renal,240101,Soltero
29081953,Crescencia,Leiva,Ribas,2023-11-18,48,F,Vía pública,Hospital Regional,Neumonía,080101,Soltero
70665302,Carlos,Buendía,Quintana,2025-01-27,95,F,Clínica,Municipalidad,Accidente laboral,140101,Viudo
47342819,Jordana,Peinado,Sanz,2024-11-03,96,M,Clínica,Hospital Regional,Cáncer,210101,Soltero
53928023,Cándida,Acedo,Buendía,2024-08-03,23,M,Hospital,Municipalidad,Infarto,050101,Viudo
95206855,Graciana,Palma,Barroso,2025-03-27,71,F,Clínica,MINSA,Neumonía,120101,Soltero
63380520,Isaías,Román,Galán,2024-11-24,42,F,Clínica,RENIEC,Accidente de tránsito,100101,Soltero
46042404,Mohamed,Luque,Nebot,2025-05-06,99,F,Vía pública,Hospital Regional,Infarto,100101,Casado
87568940,Eladio,Toro,Nuñez,2021-02-06,23,M,Clínica,Municipalidad,Neumonía,180101,Divorciado
16166355,Conrado,Segura,Alegre,2021-09-29,11,F,Clínica,MINSA,Insuficiencia renal,100101,Viudo
31204188,Valero,Sastre,Abascal,2024-04-30,46,F,Clínica,Municipalidad,Neumonía,230101,Soltero
37154689,Jennifer,Catalán,Matas,2022-01-15,14,F,Vía pública,MINSA,Insuficiencia renal,220101,Casado
46778269,Ciro,Palomo,Ibáñez,2021-05-23,5,F,Vía pública,RENIEC,Cáncer,120101,Viudo
59908025,Graciana,Dalmau,Azorin,2024-01-23,3,F,Vía pública,Municipalidad,Infarto,020101,Casado
93967184,Marcos,Guillén,Román,2021-06-19,41,M,Hospital,MINSA,Accidente laboral,180101,Soltero
22775337,Abel,García,Tapia,2021-05-09,80,M,Clínica,MINSA,Accidente laboral,240101,Divorciado
27810664,Dorita,Gonzalo,Vives,2024-06-22,13,M,Vía pública,RENIEC,Insuficiencia renal,240101,Casado
11246473,Adán,Nuñez,Carreño,2024-04-13,3,F,Domicilio,RENIEC,Infarto,040101,Soltero
27740248,Ale,Belda,Granados,2023-12-13,22,F,Hospital,MINSA,COVID-19,050101,Divorciado
21989814,Lupe,Calatayud,Calderón,2023-05-10,57,F,Vía pública,Hospital Regional,Infarto,060101,Soltero
59333294,Socorro,Martínez,Cerro,2023-12-12,68,M,Hospital,RENIEC,Insuficiencia renal,040101,Viudo
27870584,Felipa,Clavero,Bayona,2025-03-15,64,M,Domicilio,Hospital Regional,Neumonía,040101,Viudo
85603667,Adán,Córdoba,Sacristán,2023-09-05,97,F,Vía pública,Municipalidad,Accidente laboral,240101,Soltero
38595818,Eusebia,Cordero,Requena,2024-06-14,60,M,Clínica,MINSA,Insuficiencia renal,060101,Viudo
39158087,Chema,Cabrera,Chaves,2021-09-26,81,M,Domicilio,Hospital Regional,Infarto,180101,Casado
89131271,Luna,Plana,Ortega,2024-05-05,15,M,Hospital,Municipalidad,Neumonía,180101,Soltero
52211967,Máxima,Chaves,Huguet,2023-01-17,39,M,Domicilio,MINSA,Cáncer,230101,Casado
96519508,Cesar,Hurtado,López,2020-12-01,20,M,Clínica,Hospital Regional,Accidente de tránsito,250101,Casado
98369672,Sara,Mata,Fuertes,2025-02-03,85,M,Vía pública,RENIEC,COVID-19,240101,Soltero
91460345,Araceli,Fabregat,Pou,2023-03-16,32,M,Clínica,Municipalidad,COVID-19,110101,Casado
96727439,Baltasar,Heras,Uría,2023-12-21,85,M,Hospital,Hospital Regional,Neumonía,040101,Casado
25132198,Jose Angel,Valero,Belda,2025-03-08,40,F,Vía pública,Hospital Regional,Neumonía,240101,Viudo
11619606,Poncio,Moliner,Catalán,2023-12-24,88,M,Domicilio,Hospital Regional,Cáncer,210101,Soltero
86286724,Sosimo,Pavón,Duque,2024-09-11,40,M,Clínica,Municipalidad,COVID-19,110101,Casado
19796799,Ale,Bauzà,Alcalá,2022-12-02,86,F,Vía pública,Municipalidad,Cáncer,110101,Viudo
38956527,Aníbal,Barrena,Puig,2024-12-30,62,M,Clínica,RENIEC,Accidente laboral,120101,Casado
48451741,Eusebia,Vallejo,Ribes,2024-04-17,68,M,Domicilio,RENIEC,Insuficiencia renal,040101,Soltero
63992760,Celestino,Corominas,Lobato,2021-05-26,64,M,Vía pública,MINSA,Infarto,180101,Viudo
51594998,Cayetano,Vidal,Frutos,2022-01-04,69,F,Clínica,Hospital Regional,Cáncer,140101,Viudo
81993070,Nacho,Portillo,Batalla,2023-04-30,17,F,Hospital,Municipalidad,COVID-19,170101,Soltero
68718382,Luna,Gómez,Barco,2022-10-08,84,M,Clínica,MINSA,Cáncer,210101,Casado
21571285,Ámbar,Rovira,Carmona,2024-07-18,72,M,Vía pública,Hospital Regional,Infarto,140101,Divorciado
92181084,Emelina,Ballesteros,Mendoza,2022-03-08,29,M,Domicilio,Hospital Regional,Accidente de tránsito,080101,Casado
26031369,Albano,Cervantes,Alberdi,2022-01-31,66,F,Vía pública,Municipalidad,Cáncer,080101,Soltero
76627415,Ovidio,Zabala,Villar,2022-11-23,83,F,Hospital,Hospital Regional,Accidente laboral,120101,Casado
32409388,Ramiro,Castañeda,Leiva,2021-09-10,48,F,Domicilio,RENIEC,Neumonía,120101,Divorciado
13940129,Nico,Román,Lladó,2025-02-22,28,F,Domicilio,Hospital Regional,Cáncer,160101,Soltero
18572753,Juan José,Benítez,Valderrama,2024-07-24,64,M,Vía pública,MINSA,Accidente de tránsito,040101,Viudo
78555983,Plácido,Baquero,Valero,2025-07-06,27,M,Clínica,MINSA,COVID-19,220101,Soltero
32398441,Quirino,Criado,Jara,2021-07-25,84,M,Vía pública,Hospital Regional,Insuficiencia renal,250101,Divorciado
87029205,Ileana,Carlos,Gracia,2025-01-06,86,F,Vía pública,MINSA,Neumonía,210101,Divorciado
10344739,Arsenio,Alberola,Hidalgo,2021-01-29,2,M,Hospital,MINSA,Neumonía,190101,Casado
73319171,Prudencio,Piñol,Conesa,2022-03-19,17,M,Clínica,RENIEC,Accidente de tránsito,120101,Casado
14746418,Carolina,Rius,Gomez,2023-06-05,66,F,Hospital,Hospital Regional,Infarto,130101,Divorciado
43321320,Sigfrido,Montero,Linares,2021-05-08,77,F,Vía pública,MINSA,Accidente de tránsito,050101,Casado
86710258,Ramón,Carreras,Vallés,2021-02-19,74,M,Domicilio,MINSA,Insuficiencia renal,240101,Viudo
34071191,Jacinto,Villalobos,Arteaga,2024-02-06,58,M,Clínica,Municipalidad,Cáncer,200101,Soltero
19251149,Saturnina,Sola,Lumbreras,2023-05-02,2,M,Vía pública,MINSA,Neumonía,250101,Casado
53929586,Chema,Saura,Aguiló,2023-10-30,60,M,Hospital,RENIEC,Cáncer,240101,Casado
36933626,Lupe,Mateu,Herrera,2024-08-20,77,M,Vía pública,Municipalidad,COVID-19,080101,Divorciado
59428849,Domitila,Uriarte,Ferrán,2025-05-04,29,F,Vía pública,Hospital Regional,Neumonía,190101,Soltero
42900372,Eutropio,Agudo,Redondo,2020-11-22,54,M,Domicilio,Municipalidad,Accidente laboral,140101,Soltero
41272427,Camila,Olivares,Agustí,2023-07-16,36,F,Domicilio,MINSA,Infarto,150101,Soltero
10196231,Martina,Peñalver,Meléndez,2021-07-28,66,M,Vía pública,MINSA,Insuficiencia renal,100101,Divorciado
37540722,Benita,Gárate,Rivas,2024-11-15,46,M,Clínica,Municipalidad,Insuficiencia renal,190101,Viudo
18038980,Erasmo,Losada,Buendía,2021-01-23,33,F,Domicilio,Hospital Regional,Insuficiencia renal,060101,Casado
41067722,Teófila,Vizcaíno,Rey,2023-11-10,52,F,Clínica,Hospital Regional,Neumonía,180101,Divorciado
71533194,Mariana,Blazquez,Bustos,2024-12-27,32,F,Domicilio,Municipalidad,Insuficiencia renal,200101,Soltero
27919925,Febe,Prado,Benavides,2025-07-09,95,M,Vía pública,MINSA,Infarto,130101,Divorciado
18359464,Trinidad,Castrillo,Guzmán,2023-03-04,100,F,Hospital,MINSA,Cáncer,230101,Soltero
45029610,Renata,Miró,Pozo,2023-06-19,11,M,Vía pública,Municipalidad,Infarto,040101,Viudo
52688984,Víctor,Llabrés,Guillen,2021-04-29,28,F,Hospital,RENIEC,Insuficiencia renal,060101,Divorciado
37207628,Elías,Canales,Cortés,2021-08-03,78,F,Hospital,MINSA,Insuficiencia renal,160101,Divorciado
32062036,Vinicio,Solano,Miralles,2024-02-23,1,M,Domicilio,MINSA,Infarto,220101,Casado
26205010,Blanca,Palma,Galiano,2024-07-14,78,M,Hospital,Hospital Regional,Accidente de tránsito,230101,Soltero
51380361,Abigaíl,Landa,Carretero,2021-06-16,20,M,Domicilio,Municipalidad,COVID-19,240101,Divorciado
31154777,Noemí,Mayo,Arjona,2022-07-09,51,M,Hospital,RENIEC,Infarto,180101,Viudo
53995720,Eusebio,Bou,Hurtado,2023-09-19,92,F,Domicilio,Hospital Regional,Accidente de tránsito,220101,Casado
63183031,Armida,Avilés,Martínez,2022-11-26,58,F,Hospital,Hospital Regional,Accidente de tránsito,050101,Soltero
33336132,Américo,Quiroga,Santamaria,2025-06-02,71,M,Domicilio,Hospital Regional,Infarto,170101,Viudo
83835976,Josep,Busquets,Sevilla,2021-07-22,68,F,Vía pública,Municipalidad,Neumonía,160101,Casado
28762704,Domingo,Albero,Barrio,2022-07-31,96,F,Vía pública,Municipalidad,Neumonía,150101,Divorciado
27544302,Hector,Pérez,Perales,2021-05-28,14,F,Hospital,Municipalidad,Insuficiencia renal,140101,Casado
88158177,Delia,Jove,Benavides,2020-11-15,40,F,Domicilio,RENIEC,Insuficiencia renal,120101,Casado
18653290,Hector,Salcedo,Castells,2021-06-21,36,M,Vía pública,Hospital Regional,Infarto,180101,Casado
54499873,Donato,Arnau,Serra,2021-02-13,60,F,Domicilio,MINSA,Neumonía,120101,Casado
32547129,Ámbar,Rosselló,Prat,2024-11-28,95,M,Vía pública,MINSA,Accidente de tránsito,140101,Viudo
13957046,Roberto,Roldan,Duque,2023-09-13,26,M,Clínica,MINSA,Accidente laboral,220101,Viudo
38818707,Violeta,Exposito,Llopis,2023-01-26,19,M,Hospital,RENIEC,Insuficiencia renal,240101,Divorciado
69862640,Sol,Comas,Aramburu,2022-10-12,78,M,Hospital,Municipalidad,COVID-19,220101,Viudo
96876236,Manolo,Valenzuela,Requena,2025-05-16,63,F,Vía pública,MINSA,Accidente laboral,170101,Viudo
74294443,Benjamín,Bonilla,Losa,2023-12-12,50,M,Clínica,RENIEC,Neumonía,050101,Divorciado
28419506,Simón,Flores,Zaragoza,2022-10-23,69,M,Domicilio,Municipalidad,Accidente laboral,240101,Casado
94658420,Nidia,Aliaga,Piñeiro,2023-09-29,58,M,Vía pública,Hospital Regional,Insuficiencia renal,150101,Soltero
74382155,Candelas,Tormo,Núñez,2025-07-02,86,M,Vía pública,RENIEC,COVID-19,110101,Viudo
77430081,Modesto,Pont,León,2022-03-21,23,F,Clínica,Hospital Regional,Cáncer,220101,Viudo
13498112,Melchor,Gilabert,Andreu,2023-01-29,46,M,Vía pública,Municipalidad,Accidente de tránsito,050101,Viudo
17863981,Nydia,Suarez,Ávila,2023-09-24,46,F,Domicilio,Municipalidad,Accidente de tránsito,190101,Casado
88381665,Joan,Cuervo,Cabrera,2022-10-19,73,M,Hospital,Hospital Regional,Accidente laboral,140101,Divorciado
98162850,Jose Angel,Larrea,Barba,2022-07-22,48,M,Clínica,MINSA,Cáncer,150101,Casado
87268086,Raquel,Pont,Pacheco,2022-03-02,53,F,Clínica,Hospital Regional,Accidente laboral,160101,Viudo
33635791,Jordi,Monreal,Palmer,2020-12-05,32,M,Vía pública,RENIEC,Insuficiencia renal,210101,Soltero
57201978,Clementina,Cisneros,Fabra,2024-11-16,27,F,Vía pública,RENIEC,Cáncer,100101,Viudo
82762732,Martin,Echevarría,Trujillo,2021-01-04,46,F,Domicilio,Hospital Regional,Infarto,050101,Soltero
22114140,Basilio,Guerrero,Gilabert,2020-11-09,44,M,Clínica,Hospital Regional,COVID-19,100101,Divorciado
80658723,Ale,Abascal,Mármol,2022-05-27,99,F,Hospital,Municipalidad,Neumonía,020101,Divorciado
27514010,Noé,Elías,Morales,2021-03-13,80,M,Clínica,Hospital Regional,Cáncer,230101,Divorciado
12941099,Eusebio,Cifuentes,Cantero,2025-03-02,9,M,Clínica,Hospital Regional,Accidente de tránsito,100101,Viudo
58974686,Camilo,Pereira,Priego,2025-09-03,83,F,Domicilio,Municipalidad,COVID-19,030101,Viudo
23560308,Nicodemo,Matas,Mora,2021-11-06,95,F,Vía pública,MINSA,Accidente de tránsito,150101,Casado
31139813,Lupita,Rueda,Torrens,2023-05-22,93,M,Domicilio,RENIEC,Accidente de tránsito,210101,Divorciado
33381086,Laura,Palacios,Godoy,2022-03-07,13,M,Hospital,Municipalidad,Neumonía,080101,Soltero
60785855,Marino,Mariño,Castejón,2022-03-15,98,F,Hospital,RENIEC,COVID-19,220101,Casado
10241310,Judith,Posada,Antúnez,2022-03-28,10,F,Domicilio,MINSA,Accidente de tránsito,020101,Divorciado
90851238,Maximino,Giner,Calvet,2024-11-28,80,M,Clínica,MINSA,Infarto,080101,Viudo
28876833,Natanael,Bermejo,Gárate,2023-08-22,41,F,Vía pública,Hospital Regional,Neumonía,030101,Casado
52885071,Florencio,Borrego,Narváez,2024-06-27,89,M,Vía pública,Municipalidad,Neumonía,230101,Viudo
11529494,Juan Manuel,Gallego,Iborra,2021-04-07,44,F,Clínica,RENIEC,Cáncer,020101,Viudo
57040785,José María,Campoy,Abella,2021-02-05,52,F,Clínica,Hospital Regional,Infarto,150101,Casado
61799600,Urbano,Rivas,Delgado,2024-03-18,44,F,Vía pública,RENIEC,Insuficiencia renal,160101,Divorciado
76180344,Socorro,Pinedo,Ortega,2025-05-02,38,M,Vía pública,Hospital Regional,Neumonía,140101,Soltero
60378298,Cosme,Tello,Gomis,2022-01-27,70,F,Clínica,Municipalidad,Neumonía,050101,Divorciado
70570772,Candelario,Aragonés,Mariño,2020-11-10,31,M,Vía pública,Municipalidad,Accidente de tránsito,120101,Soltero
52777459,Juan Carlos,Calvo,Benavent,2023-08-06,54,M,Domicilio,Hospital Regional,Insuficiencia renal,180101,Viudo
32831133,Susanita,Perez,Cuevas,2021-04-30,52,M,Hospital,MINSA,Accidente de tránsito,020101,Soltero
83423305,Tomasa,Buendía,Neira,2024-10-17,81,F,Vía pública,Hospital Regional,Insuficiencia renal,220101,Divorciado
14159837,Tomás,Cózar,Rovira,2022-01-10,24,F,Hospital,MINSA,Infarto,180101,Soltero
17188130,Cosme,Muñoz,Fuertes,2022-04-22,23,M,Domicilio,Hospital Regional,Accidente de tránsito,030101,Soltero
64932613,Josefina,Lara,Lucena,2023-03-21,29,M,Clínica,RENIEC,Cáncer,130101,Viudo
41883191,Clemente,Ayala,Pozo,2025-07-21,53,F,Vía pública,Hospital Regional,Cáncer,080101,Viudo
83774469,Priscila,Tudela,Corral,2021-02-25,10,M,Hospital,Hospital Regional,Accidente laboral,060101,Soltero
58429638,Abraham,Roma,Bonilla,2023-03-13,69,F,Clínica,MINSA,Accidente laboral,120101,Divorciado
98854850,Eufemia,Tenorio,Flores,2021-07-07,1,M,Clínica,Municipalidad,Accidente laboral,030101,Casado
13454186,Hilario,Donaire,Manzanares,2021-05-21,94,M,Clínica,Municipalidad,Insuficiencia renal,250101,Casado
73561576,Rafaela,Carlos,Mendez,2024-01-26,60,F,Domicilio,Hospital Regional,Accidente de tránsito,230101,Soltero
73209094,Amaya,Landa,Bou,2025-04-26,95,M,Domicilio,Municipalidad,Insuficiencia renal,020101,Casado
62013009,Gil,Peláez,Pizarro,2023-10-31,46,M,Clínica,RENIEC,Accidente de tránsito,230101,Divorciado
35042738,Victor Manuel,Arribas,Lago,2024-06-06,41,M,Clínica,Hospital Regional,Neumonía,250101,Divorciado
72419022,Juan José,Gonzalo,Leiva,2025-06-28,31,M,Hospital,Municipalidad,Insuficiencia renal,220101,Casado
18273096,Eutropio,Caballero,Boada,2023-08-13,47,M,Clínica,MINSA,Cáncer,040101,Viudo
82672055,Severiano,Gordillo,Barrera,2023-12-25,97,M,Hospital,Hospital Regional,Insuficiencia renal,200101,Soltero
80139805,Silvio,Taboada,Gutiérrez,2024-09-27,16,F,Clínica,Hospital Regional,Neumonía,230101,Viudo
50111251,Cayetano,Prat,Arana,2024-12-16,56,M,Hospital,Municipalidad,COVID-19,200101,Viudo
86667841,Valentina,Villanueva,Colom,2021-09-17,5,F,Vía pública,Hospital Regional,Neumonía,160101,Casado
70269093,Fulgencio,Diego,Galán,2022-04-30,72,M,Domicilio,Hospital Regional,Insuficiencia renal,030101,Viudo
26936398,Aristides,Roda,Bermudez,2024-05-23,76,M,Hospital,MINSA,Cáncer,020101,Viudo
37101146,Pacífica,Coloma,Jordá,2023-05-30,69,F,Vía pública,RENIEC,Accidente laboral,230101,Divorciado
18994192,Chucho,Pons,Puerta,2025-05-21,93,M,Hospital,Hospital Regional,Accidente laboral,220101,Casado
53771998,Rocío,Llorente,Vizcaíno,2024-08-02,41,M,Vía pública,MINSA,Neumonía,240101,Divorciado
11659440,Miriam,Yáñez,Rivas,2021-08-24,98,M,Domicilio,Hospital Regional,Cáncer,230101,Viudo
65625517,Eutimio,Colomer,Cabrera,2021-08-03,14,M,Hospital,RENIEC,Accidente laboral,200101,Casado
85522135,Melisa,Cabrero,Macias,2025-03-31,4,M,Hospital,Municipalidad,Accidente de tránsito,250101,Soltero
56153339,Saturnina,Reig,Laguna,2023-12-13,73,F,Vía pública,Hospital Regional,Infarto,110101,Casado
97884113,Amalia,Suárez,Arcos,2022-02-26,77,M,Hospital,MINSA,Insuficiencia renal,160101,Soltero
46965460,Samuel,Cobo,Querol,2021-01-07,59,M,Domicilio,Municipalidad,Accidente laboral,110101,Soltero
63122402,Tamara,Muñoz,Gámez,2021-02-09,78,F,Hospital,RENIEC,Accidente laboral,020101,Soltero
73782705,Zoraida,Leiva,Perales,2020-11-10,27,M,Hospital,MINSA,Neumonía,060101,Casado
55347617,Olimpia,Mateo,Mercader,2023-01-28,24,M,Clínica,Municipalidad,Insuficiencia renal,250101,Viudo
75984013,Rosa,Cabello,Goñi,2021-10-31,86,F,Vía pública,RENIEC,Accidente de tránsito,210101,Divorciado
50329802,Mar,Salazar,Montesinos,2022-12-25,64,F,Clínica,Municipalidad,COVID-19,100101,Viudo
65938288,Elodia,Borrell,Expósito,2024-06-12,47,F,Vía pública,Hospital Regional,Neumonía,140101,Casado
38372352,Xiomara,Ramírez,Tormo,2025-01-30,48,F,Domicilio,Municipalidad,Cáncer,060101,Soltero
60185378,Otilia,Barbero,Villalba,2022-01-15,92,M,Domicilio,RENIEC,Neumonía,200101,Viudo
18806960,María,Velázquez,Quintanilla,2021-11-04,0,F,Clínica,MINSA,Accidente laboral,100101,Soltero
80368504,Serafina,Andres,Durán,2022-04-30,98,F,Clínica,RENIEC,Infarto,030101,Viudo
36941091,Pilar,Barco,Ibañez,2020-12-20,19,M,Domicilio,Hospital Regional,Neumonía,140101,Casado
71263503,Aureliano,Palomo,Flor,2023-01-08,32,F,Hospital,Municipalidad,Neumonía,130101,Soltero
59439358,Palmira,Simó,Vazquez,2024-01-25,92,F,Vía pública,MINSA,Cáncer,190101,Soltero
95283260,Águeda,Casals,Anglada,2022-09-30,76,F,Hospital,Municipalidad,Infarto,080101,Viudo
59991642,Amaya,Salmerón,Elías,2024-09-22,44,F,Vía pública,RENIEC,Accidente laboral,140101,Soltero
88769733,Carmen,Olmo,Ocaña,2022-01-30,81,F,Hospital,Hospital Regional,Neumonía,080101,Viudo
44716747,Marianela,Botella,López,2020-12-03,69,M,Domicilio,MINSA,Accidente de tránsito,080101,Divorciado
61883966,Augusto,Cánovas,Gargallo,2022-07-28,57,M,Clínica,Municipalidad,COVID-19,060101,Casado
96889858,Jafet,Gabaldón,Leon,2024-03-04,16,F,Hospital,Municipalidad,Neumonía,080101,Divorciado
78891441,Alex,Agullo,Sáez,2021-10-25,33,M,Vía pública,Municipalidad,Accidente laboral,200101,Casado
96888739,Fulgencio,Aguirre,Goicoechea,2022-11-02,61,M,Vía pública,Municipalidad,Insuficiencia renal,190101,Casado
91650533,Noa,Mayoral,Llopis,2024-04-17,71,M,Clínica,RENIEC,COVID-19,050101,Viudo
60529679,Reyes,Oller,Segovia,2022-10-31,87,M,Hospital,Municipalidad,Cáncer,110101,Viudo
39287523,Adelaida,Matas,Viñas,2024-01-25,24,F,Domicilio,RENIEC,Accidente laboral,020101,Casado
88448538,Cristian,Aguilera,Vidal,2023-11-15,44,F,Clínica,Municipalidad,Infarto,140101,Casado
85357498,Flor,Lumbreras,Martín,2021-08-10,87,F,Clínica,RENIEC,Infarto,080101,Casado
74657836,Bernardo,Navarrete,Lloret,2023-06-16,79,M,Domicilio,RENIEC,COVID-19,250101,Viudo
47162866,Juan Carlos,Martín,Fabra,2021-12-18,57,F,Hospital,Hospital Regional,Accidente de tránsito,180101,Casado
79429969,María Del Carmen,Hernandez,Barberá,2024-02-16,26,F,Vía pública,MINSA,Insuficiencia renal,240101,Soltero
98654879,Miguel,Chaves,Amigó,2024-12-02,48,M,Domicilio,MINSA,Infarto,020101,Casado
49675382,Juan Antonio,Riquelme,Quiroga,2023-12-29,89,F,Hospital,Municipalidad,Insuficiencia renal,150101,Soltero
14740436,Dalila,Falcó,Novoa,2022-07-31,49,F,Domicilio,RENIEC,Infarto,020101,Divorciado
81757508,Felicia,Tamarit,Palmer,2025-01-02,29,F,Hospital,Hospital Regional,Cáncer,220101,Soltero
50291467,Ramona,Domínguez,Escrivá,2023-03-10,23,M,Vía pública,RENIEC,Infarto,140101,Viudo
23100061,Adriana,Castellanos,Jordán,2025-06-11,42,F,Vía pública,MINSA,Infarto,110101,Viudo
34571018,Irma,Narváez,Borrell,2022-07-31,45,F,Clínica,Hospital Regional,Accidente laboral,080101,Viudo
57685330,Jacinto,Melero,Rivero,2023-07-05,49,M,Domicilio,MINSA,Accidente de tránsito,100101,Divorciado
59886371,Juan Bautista,Mariscal,Silva,2021-09-09,84,M,Hospital,Municipalidad,Neumonía,240101,Casado
73154349,Balduino,Belda,Sureda,2022-05-06,53,M,Clínica,Municipalidad,COVID-19,220101,Viudo
77172936,Dimas,Pizarro,Martín,2024-03-15,57,M,Clínica,MINSA,Neumonía,180101,Casado
17256074,Sabina,Contreras,Cervantes,2022-05-24,17,F,Clínica,Municipalidad,Accidente laboral,200101,Casado
55992373,Sebastián,Seco,Clemente,2023-05-19,40,M,Hospital,MINSA,COVID-19,200101,Soltero
34207075,Melania,Berrocal,Torrent,2023-07-09,97,F,Vía pública,Municipalidad,COVID-19,030101,Viudo
94695784,Galo,Millán,Barco,2020-09-23,19,M,Hospital,MINSA,Accidente de tránsito,150101,Viudo
70673557,Leocadio,Gallart,Domingo,2025-08-04,77,M,Clínica,MINSA,Insuficiencia renal,150101,Viudo
31264801,Amelia,Borja,Castilla,2024-05-18,10,F,Clínica,Municipalidad,Insuficiencia renal,230101,Viudo
95025258,Timoteo,Quintanilla,Romeu,2024-10-01,23,F,Vía pública,Municipalidad,Accidente de tránsito,210101,Casado
61447859,Adalberto,Arellano,Flores,2023-11-12,28,M,Vía pública,RENIEC,COVID-19,050101,Casado
11889398,Tecla,Montserrat,Farré,2020-11-03,95,M,Clínica,RENIEC,Accidente de tránsito,030101,Divorciado
10553491,Eugenia,Ibarra,Gonzalo,2023-08-14,88,F,Vía pública,MINSA,Cáncer,060101,Soltero
51888314,Efraín,Calderon,Pla,2024-12-20,77,F,Domicilio,Municipalidad,Neumonía,190101,Soltero
89010042,Mariano,Diego,Bas,2021-01-29,66,M,Vía pública,Municipalidad,Accidente laboral,080101,Casado
50024028,Luis Ángel,Sarmiento,Viña,2025-02-23,66,F,Hospital,Municipalidad,Neumonía,230101,Soltero
55343466,Toño,Cañete,Noriega,2024-11-09,24,F,Vía pública,Municipalidad,COVID-19,020101,Divorciado
58217837,Maricela,Fabra,Cózar,2024-02-14,21,F,Domicilio,RENIEC,Insuficiencia renal,170101,Casado
12566878,Javier,Gomez,Castro,2022-06-27,59,F,Hospital,RENIEC,Accidente de tránsito,190101,Casado
12941149,Dolores,Vargas,Dominguez,2021-09-26,50,F,Domicilio,Municipalidad,Infarto,210101,Divorciado
59203071,Leonor,Arcos,Perez,2022-11-12,75,M,Vía pública,RENIEC,COVID-19,100101,Casado
81770706,Estrella,Atienza,Asensio,2021-08-10,91,M,Hospital,RENIEC,Insuficiencia renal,030101,Viudo
97720360,Piedad,Aller,Asensio,2021-09-03,10,F,Clínica,Municipalidad,Neumonía,060101,Soltero
65938669,Vicente,Pinto,Casals,2025-05-06,98,M,Domicilio,MINSA,Accidente de tránsito,200101,Casado
43921959,Ainoa,Coronado,Fuertes,2020-10-07,98,M,Vía pública,Hospital Regional,COVID-19,030101,Viudo
50415166,Sosimo,Cabrero,Viña,2022-12-26,80,M,Hospital,MINSA,Accidente de tránsito,150101,Viudo
93590502,Eloísa,Cerro,Riquelme,2021-07-31,1,F,Vía pública,Municipalidad,Neumonía,150101,Divorciado
78663747,Loida,Carranza,Lumbreras,2021-08-29,30,M,Vía pública,Municipalidad,Cáncer,030101,Soltero
24262473,Anastasia,Fiol,Folch,2022-12-05,76,M,Clínica,Hospital Regional,Neumonía,230101,Casado
80215481,Heriberto,Palma,Redondo,2023-03-15,6,M,Clínica,RENIEC,Insuficiencia renal,110101,Soltero
31524980,Aníbal,Valderrama,Galiano,2024-10-11,18,M,Domicilio,Hospital Regional,Infarto,080101,Soltero
54372866,Joel,Acedo,Alberto,2021-06-12,53,M,Clínica,Hospital Regional,Neumonía,240101,Casado
24821786,Petrona,Uribe,Company,2021-06-15,58,F,Hospital,RENIEC,Accidente laboral,020101,Viudo
78679929,Carlito,Cadenas,Jaén,2022-08-28,47,F,Hospital,Municipalidad,Accidente laboral,180101,Soltero
71304112,Manu,Laguna,Simó,2021-02-11,37,F,Clínica,RENIEC,Insuficiencia renal,120101,Viudo
23396125,Odalis,Díaz,Ariza,2023-02-28,67,F,Clínica,MINSA,Neumonía,080101,Soltero
58347193,Nicolasa,Milla,Rojas,2021-09-04,73,M,Vía pública,Hospital Regional,Cáncer,220101,Viudo
22750478,Renata,Arroyo,Agustí,2021-11-12,33,F,Clínica,Municipalidad,Neumonía,230101,Divorciado
99034004,Flor,Donaire,Mulet,2023-09-24,63,M,Clínica,Hospital Regional,Accidente de tránsito,150101,Soltero
68749047,Ester,Ledesma,Buendía,2023-11-10,3,F,Hospital,MINSA,Accidente laboral,220101,Divorciado
55999465,Gervasio,Carbonell,Pérez,2024-02-04,52,M,Domicilio,Hospital Regional,Neumonía,230101,Casado
71275585,Lalo,Pol,Tejera,2024-04-11,1,M,Domicilio,Hospital Regional,Accidente laboral,040101,Viudo
97086700,Soraya,Diaz,Carbajo,2021-10-25,38,F,Hospital,RENIEC,Insuficiencia renal,100101,Viudo
17871385,Rafaela,Cuervo,Calleja,2024-03-24,50,M,Clínica,MINSA,COVID-19,100101,Divorciado
89289163,Almudena,Ríos,Escudero,2023-12-02,60,M,Clínica,Municipalidad,Accidente de tránsito,230101,Divorciado
58130331,Emma,Andres,Castrillo,2024-10-18,68,F,Vía pública,Municipalidad,Insuficiencia renal,080101,Viudo
75514730,Daniel,Reina,Saez,2021-01-29,72,F,Hospital,MINSA,Neumonía,240101,Viudo
18500820,Juan Carlos,Miralles,Alberola,2025-02-25,45,M,Clínica,Hospital Regional,Accidente laboral,150101,Viudo
87396519,Lourdes,Goicoechea,Neira,2025-02-07,48,M,Vía pública,MINSA,Neumonía,250101,Viudo
80209719,Javiera,Bustos,Roselló,2022-10-21,90,F,Hospital,Hospital Regional,Cáncer,040101,Divorciado
74683506,Osvaldo,Plaza,Comas,2025-06-09,30,F,Vía pública,Hospital Regional,Accidente de tránsito,170101,Viudo
92263926,Baltasar,Alberdi,Crespo,2024-12-27,22,M,Domicilio,RENIEC,Accidente laboral,130101,Soltero
72986894,Reyes,Valcárcel,Dalmau,2021-04-29,56,M,Vía pública,MINSA,Accidente de tránsito,100101,Divorciado
75987872,Miguel Ángel,Hernando,Muro,2023-01-21,93,F,Domicilio,MINSA,Accidente laboral,250101,Casado
16757958,Anunciación,Gisbert,Pinedo,2024-02-13,26,M,Vía pública,Municipalidad,Insuficiencia renal,170101,Soltero
41541166,Cayetano,Segovia,Saldaña,2025-07-25,0,F,Hospital,RENIEC,COVID-19,030101,Soltero
70142774,Chus,Valentín,Salvador,2023-05-18,13,F,Hospital,Hospital Regional,Insuficiencia renal,130101,Viudo
25932563,Anastasia,Alemán,Calderon,2024-02-14,25,M,Domicilio,Hospital Regional,Neumonía,100101,Divorciado
65343143,Andrés Felipe,Abad,Bou,2023-04-13,85,M,Domicilio,MINSA,Accidente de tránsito,120101,Soltero
78227936,Chita,Gabaldón,Sastre,2023-08-03,1,M,Clínica,Hospital Regional,Neumonía,100101,Viudo
58767001,Paola,Ballester,Gisbert,2024-07-21,18,F,Clínica,MINSA,Infarto,020101,Viudo
54556611,Charo,Suárez,Parra,2024-07-15,69,F,Hospital,MINSA,Infarto,160101,Soltero
25303956,Cleto,Girona,Abril,2023-08-05,13,F,Hospital,RENIEC,Cáncer,060101,Casado
57665946,Paula,Manzanares,Yuste,2023-11-14,90,F,Domicilio,Hospital Regional,COVID-19,130101,Soltero
24270328,Artemio,Córdoba,Ugarte,2021-11-19,96,F,Clínica,RENIEC,Accidente laboral,030101,Soltero
64923338,Custodio,Izquierdo,Ferrández,2022-04-14,58,F,Vía pública,Municipalidad,Accidente de tránsito,140101,Casado
26206227,Reyes,Pozo,Garriga,2024-07-29,78,F,Domicilio,Municipalidad,Accidente de tránsito,240101,Viudo
35579048,Lilia,Neira,Campos,2024-03-19,100,F,Vía pública,Municipalidad,Infarto,040101,Divorciado
16241172,Ángeles,Casal,Sanjuan,2024-07-31,14,F,Vía pública,Municipalidad,Accidente laboral,210101,Viudo
98376561,Dolores,Varela,Cañizares,2024-12-06,98,F,Clínica,RENIEC,Cáncer,250101,Viudo
10582186,Bernarda,Atienza,Roselló,2025-08-31,71,M,Domicilio,Municipalidad,Cáncer,190101,Divorciado
74818030,Ámbar,Verdugo,Elorza,2025-08-11,30,M,Clínica,Municipalidad,Cáncer,040101,Viudo
33306944,Lupe,Castellanos,Calleja,2023-12-26,26,F,Vía pública,Hospital Regional,Neumonía,140101,Casado
98251083,Eli,Montserrat,Varela,2023-12-18,84,M,Vía pública,RENIEC,Neumonía,220101,Divorciado
66192230,Emelina,Hurtado,Llanos,2024-01-28,41,M,Vía pública,MINSA,COVID-19,060101,Soltero
56017729,Macario,Santamaría,Cañellas,2021-11-12,76,M,Vía pública,Hospital Regional,Cáncer,230101,Soltero
65397759,Eligia,Vila,Martínez,2025-05-07,11,M,Clínica,RENIEC,Accidente laboral,200101,Casado
52132393,Leonor,Gelabert,Font,2022-06-22,57,F,Vía pública,Municipalidad,Accidente de tránsito,130101,Viudo
93774355,Lidia,Manso,Ojeda,2021-10-26,38,F,Vía pública,Hospital Regional,Infarto,190101,Soltero
97253117,Gaspar,Vara,Mora,2021-09-02,78,F,Clínica,Hospital Regional,Infarto,110101,Soltero
57276557,Chita,Tenorio,Rincón,2025-03-25,0,F,Hospital,Hospital Regional,Accidente laboral,150101,Casado
48376603,Saturnina,Rocamora,Alberto,2025-02-19,55,F,Domicilio,Municipalidad,Cáncer,060101,Divorciado
24290224,Amador,Piquer,Codina,2021-02-20,69,M,Clínica,Municipalidad,Accidente de tránsito,130101,Divorciado
99959993,Basilio,Folch,Lasa,2022-01-22,46,F,Clínica,Hospital Regional,Accidente laboral,240101,Casado
48468887,Isabela,Iglesia,Coll,2021-03-20,17,M,Hospital,RENIEC,Accidente de tránsito,160101,Divorciado
49613096,Herminio,Antúnez,Palmer,2024-07-16,17,M,Clínica,Municipalidad,Accidente laboral,030101,Divorciado
23754633,Encarnación,Gomez,Porcel,2022-09-17,79,M,Vía pública,Municipalidad,Neumonía,030101,Divorciado
78574830,Milagros,Maestre,Arévalo,2023-12-08,45,M,Clínica,Municipalidad,Neumonía,150101,Divorciado
62016704,Sigfrido,Milla,Balaguer,2020-10-19,93,M,Domicilio,Municipalidad,Neumonía,190101,Viudo
43734435,Hermenegildo,Salazar,Gomis,2023-10-26,4,M,Vía pública,Hospital Regional,Infarto,190101,Divorciado
88971743,Carina,Ferrándiz,Ferrer,2023-03-11,88,M,Clínica,Hospital Regional,Cáncer,170101,Soltero
70238919,Galo,Benavente,Estévez,2022-03-02,66,M,Clínica,Municipalidad,Insuficiencia renal,240101,Soltero
78967357,Dimas,Pi,Armas,2024-05-02,87,F,Hospital,Hospital Regional,Neumonía,150101,Divorciado
47461811,Cayetana,Lamas,Castillo,2022-01-21,58,F,Domicilio,Municipalidad,COVID-19,020101,Viudo
88381281,Raquel,Jara,Adán,2023-07-03,21,M,Domicilio,Hospital Regional,Infarto,230101,Divorciado
72589932,Leire,Cortina,Ariño,2021-12-30,74,M,Hospital,Hospital Regional,Accidente laboral,220101,Soltero
53302669,Edelmira,Azcona,Mascaró,2024-11-11,36,F,Hospital,MINSA,Neumonía,040101,Viudo
86863404,Carmelita,Palma,Beltran,2023-05-24,32,M,Domicilio,Hospital Regional,Accidente laboral,120101,Soltero
80517332,Isidro,Espejo,Viñas,2021-04-08,94,M,Clínica,MINSA,Insuficiencia renal,030101,Viudo
77798790,Feliciano,Ricart,Quintanilla,2021-06-21,22,F,Clínica,Municipalidad,Accidente de tránsito,170101,Soltero
56896070,Ismael,Garcés,Mármol,2023-07-04,43,M,Clínica,MINSA,Accidente laboral,160101,Divorciado
58425464,Lázaro,Gil,Taboada,2025-06-19,98,F,Clínica,Municipalidad,Insuficiencia renal,230101,Casado
97147586,Agapito,Carbó,Oliva,2024-06-24,26,F,Hospital,Hospital Regional,Accidente laboral,250101,Soltero
42258945,Verónica,Hervás,Ariño,2023-06-03,21,F,Vía pública,Municipalidad,COVID-19,160101,Casado
61186964,Yolanda,Carballo,Polo,2022-11-15,48,F,Vía pública,Hospital Regional,Accidente de tránsito,170101,Divorciado
82509424,Lourdes,Luna,Amat,2025-01-31,1,F,Vía pública,Municipalidad,Insuficiencia renal,100101,Soltero
60326016,Aroa,Verdugo,Salinas,2024-10-30,12,F,Vía pública,Hospital Regional,COVID-19,120101,Viudo
15885670,Manu,Fernández,Montes,2025-01-22,12,F,Vía pública,Municipalidad,Accidente laboral,240101,Casado
21052218,Clemente,Diego,Aguilera,2021-03-31,93,M,Domicilio,MINSA,COVID-19,180101,Soltero
38290610,Herminia,Garcés,Rodrigo,2021-07-28,86,M,Hospital,RENIEC,Cáncer,250101,Soltero
37592422,Brígida,Rozas,Bello,2021-12-30,87,F,Domicilio,MINSA,Insuficiencia renal,020101,Viudo
13188066,Ángel,Mármol,Arellano,2021-06-07,24,M,Hospital,RENIEC,Infarto,220101,Casado
19831184,Baltasar,Enríquez,Infante,2025-06-08,76,M,Hospital,RENIEC,Accidente laboral,220101,Casado
19454577,Consuelo,Goñi,Jordán,2024-02-27,48,M,Hospital,MINSA,COVID-19,020101,Divorciado
62080854,Virgilio,Quiroga,Roselló,2023-05-20,84,M,Vía pública,Hospital Regional,Accidente laboral,050101,Viudo
12267067,Roque,Carrasco,Aguado,2021-03-24,32,M,Hospital,Hospital Regional,Accidente laboral,080101,Divorciado
88598977,Artemio,Belmonte,Pallarès,2024-12-19,49,F,Hospital,Hospital Regional,Accidente laboral,120101,Casado
24245271,Luis Miguel,Mata,Bolaños,2023-01-31,56,M,Vía pública,MINSA,Neumonía,060101,Casado
68743898,Rico,Prats,Anguita,2024-09-20,82,F,Hospital,MINSA,Neumonía,050101,Casado
30981381,Bibiana,Gimeno,Cerezo,2024-01-06,78,M,Vía pública,Hospital Regional,Infarto,080101,Soltero
83245898,Manolo,Cobos,Martí,2023-11-12,9,F,Vía pública,RENIEC,Cáncer,200101,Soltero
11496555,Carolina,Cid,Casal,2021-01-16,4,F,Domicilio,MINSA,Insuficiencia renal,100101,Divorciado
10675093,Constanza,Prado,Blázquez,2023-04-13,73,M,Vía pública,Municipalidad,Cáncer,060101,Soltero
38192821,Marianela,Núñez,Galán,2024-03-14,69,M,Hospital,Municipalidad,Insuficiencia renal,160101,Soltero
96695458,Renata,Vila,Cisneros,2022-01-22,72,F,Domicilio,Hospital Regional,Cáncer,080101,Soltero
34695085,Ismael,Iriarte,Ferrera,2021-08-31,46,F,Hospital,Municipalidad,Accidente laboral,020101,Casado
34341456,Hilda,Ballester,Serra,2025-05-13,22,M,Vía pública,MINSA,COVID-19,060101,Soltero
19817298,Luis Ángel,Bautista,Iglesia,2021-07-11,80,F,Vía pública,RENIEC,Insuficiencia renal,030101,Casado
36496940,Lucila,Torrens,Muro,2023-09-23,17,M,Clínica,RENIEC,Insuficiencia renal,190101,Casado
27208745,Hilda,Guitart,Cabo,2023-02-11,62,F,Hospital,Hospital Regional,Cáncer,180101,Divorciado
93150000,Buenaventura,Ferrer,Moll,2024-10-27,2,M,Domicilio,RENIEC,COVID-19,080101,Divorciado
70484679,Nando,Maza,Corominas,2025-07-02,15,M,Vía pública,MINSA,Insuficiencia renal,190101,Casado
86082915,Pánfilo,Molina,Romero,2022-02-14,9,M,Clínica,Municipalidad,Insuficiencia renal,150101,Divorciado
10648524,Matías,Hoz,Giralt,2024-05-25,79,M,Clínica,MINSA,Infarto,210101,Soltero
47135338,Priscila,Palomares,Cañizares,2023-07-06,39,M,Vía pública,MINSA,Accidente laboral,190101,Soltero
74418331,Óscar,Salinas,Palmer,2023-04-16,13,M,Vía pública,MINSA,Infarto,130101,Divorciado
75360192,Carmen,Camps,Echevarría,2021-05-21,43,F,Domicilio,RENIEC,Insuficiencia renal,190101,Casado
47663633,Rosa María,Chaves,Ferrándiz,2022-12-05,41,M,Hospital,MINSA,COVID-19,040101,Soltero
94103363,Carmelo,Benet,Alfonso,2025-01-01,35,M,Vía pública,MINSA,Insuficiencia renal,110101,Casado
94775473,Américo,Quirós,Garcia,2020-12-31,56,M,Hospital,MINSA,Infarto,230101,Divorciado
84033693,Juan Bautista,Suarez,Comas,2023-10-20,99,M,Hospital,Municipalidad,Infarto,150101,Soltero
62680236,Jacinto,Manso,Cañete,2024-08-22,22,M,Domicilio,Municipalidad,Insuficiencia renal,160101,Casado
77259613,Arcelia,Botella,Puente,2023-10-14,26,M,Domicilio,Municipalidad,Cáncer,140101,Casado
77399750,Agustín,Haro,Daza,2025-01-23,78,M,Clínica,Municipalidad,Neumonía,040101,Viudo
28840235,Victor Manuel,Cuervo,Escamilla,2025-07-04,44,F,Hospital,MINSA,Accidente de tránsito,250101,Soltero
85942072,Georgina,Coll,Tomás,2023-09-28,79,F,Clínica,Municipalidad,Accidente laboral,230101,Casado
15425057,Isidoro,Torrent,Guardiola,2021-03-23,35,M,Clínica,RENIEC,Accidente laboral,200101,Divorciado
45481411,Rafael,Guillén,Arnau,2022-06-13,63,M,Clínica,RENIEC,Infarto,230101,Viudo
79509378,Vilma,Paniagua,Pons,2024-09-07,36,M,Vía pública,Hospital Regional,COVID-19,220101,Divorciado
71021210,Socorro,Artigas,Ariño,2023-06-12,5,M,Hospital,MINSA,Accidente de tránsito,150101,Divorciado
23854626,Juliana,Vázquez,Llanos,2022-12-06,65,M,Hospital,MINSA,Insuficiencia renal,030101,Viudo
87662596,Candelas,Dávila,Peñas,2023-11-29,53,M,Domicilio,MINSA,Accidente laboral,250101,Viudo
59029303,Diana,Bermejo,Villanueva,2022-10-30,29,M,Clínica,Municipalidad,Accidente laboral,130101,Divorciado
60509993,Vilma,Gisbert,Villalonga,2024-02-21,28,M,Vía pública,Municipalidad,Infarto,050101,Casado
57365168,Olga,Ochoa,Torrens,2024-10-15,27,F,Clínica,Municipalidad,COVID-19,200101,Divorciado
91095825,Adolfo,Valls,Chamorro,2024-06-06,92,M,Domicilio,Hospital Regional,Accidente de tránsito,100101,Casado
32227237,Jeremías,Benítez,Vilar,2023-01-29,4,M,Domicilio,MINSA,Infarto,030101,Divorciado
38389345,Eutimio,Estévez,Criado,2023-10-09,53,M,Domicilio,MINSA,COVID-19,220101,Casado
90801793,Liliana,Carrasco,Grau,2024-03-20,81,M,Clínica,RENIEC,Cáncer,170101,Divorciado
54322017,Lola,Carballo,Tirado,2024-10-05,27,F,Vía pública,Hospital Regional,Infarto,050101,Casado
74293132,Humberto,Cuéllar,Reig,2020-11-17,31,F,Vía pública,MINSA,Neumonía,200101,Soltero
42704875,Armando,Castell,Cuevas,2021-11-01,53,M,Hospital,Municipalidad,Insuficiencia renal,170101,Soltero
94495485,Ariel,Ariza,Collado,2021-03-01,54,F,Vía pública,RENIEC,Cáncer,160101,Casado
32325960,Juan,Escolano,Villanueva,2024-02-20,10,M,Vía pública,MINSA,Accidente de tránsito,110101,Viudo
90444404,Cintia,Alfonso,Luque,2021-06-02,30,M,Hospital,Municipalidad,Insuficiencia renal,020101,Casado
39070676,Vidal,Soto,Tirado,2022-02-20,90,F,Hospital,Municipalidad,Cáncer,200101,Divorciado
39442512,Paulina,Reig,Clavero,2025-08-24,23,F,Vía pública,RENIEC,Accidente laboral,230101,Soltero
34412077,Estrella,Vicente,Lamas,2022-02-12,49,F,Hospital,Hospital Regional,Cáncer,120101,Casado
55992559,Ágata,Santana,Bayona,2022-08-24,100,M,Domicilio,RENIEC,Neumonía,240101,Viudo
60762668,Rogelio,Catalán,Camps,2020-10-30,6,M,Vía pública,Hospital Regional,Cáncer,220101,Soltero
37158762,Azeneth,Varela,Rivas,2021-12-17,46,F,Clínica,RENIEC,Neumonía,130101,Casado
91270313,Clemente,Elías,Tamarit,2021-01-08,42,M,Hospital,Municipalidad,Insuficiencia renal,190101,Casado
81327320,Anita,Carpio,Buendía,2024-10-16,96,M,Domicilio,Hospital Regional,COVID-19,170101,Divorciado
98502178,Eladio,Abella,Rosado,2025-02-16,35,M,Hospital,Hospital Regional,COVID-19,030101,Divorciado
66463253,Raimundo,Aroca,Romeu,2022-08-22,64,M,Vía pública,Hospital Regional,Cáncer,220101,Viudo
74709513,Montserrat,Piquer,Ordóñez,2025-08-03,86,M,Clínica,Municipalidad,Infarto,040101,Divorciado
23115341,Teodoro,Cañete,Iñiguez,2024-09-30,22,F,Hospital,RENIEC,Accidente de tránsito,120101,Soltero
41207351,Virginia,Blanes,Luque,2025-04-25,89,M,Vía pública,MINSA,Accidente laboral,130101,Soltero
64847632,José Ángel,Fajardo,Adán,2020-10-01,37,F,Clínica,Municipalidad,COVID-19,050101,Divorciado
87576121,Azeneth,Carranza,Vizcaíno,2020-10-01,94,M,Domicilio,MINSA,Infarto,150101,Casado
60335658,Fátima,Fuertes,Moles,2024-03-02,66,F,Vía pública,Hospital Regional,Insuficiencia renal,230101,Viudo
58623028,Custodio,Cortes,Rojas,2025-09-01,62,F,Vía pública,Hospital Regional,Neumonía,200101,Viudo
44042008,Juan Carlos,Roda,Pavón,2023-01-13,21,F,Clínica,Municipalidad,COVID-19,020101,Soltero
63345392,Marisol,Frías,Reyes,2025-05-21,18,F,Domicilio,Municipalidad,Accidente de tránsito,220101,Casado
84834795,Almudena,Escamilla,Pellicer,2025-06-12,91,F,Clínica,MINSA,Accidente laboral,240101,Casado
84478941,Alondra,Izaguirre,Melero,2025-08-08,20,M,Hospital,RENIEC,COVID-19,190101,Casado
56218720,María Ángeles,Puig,Cervera,2021-09-13,56,F,Domicilio,MINSA,Accidente de tránsito,180101,Soltero
40839382,Victoriano,Cáceres,Cabrera,2022-07-07,85,F,Domicilio,MINSA,COVID-19,030101,Casado
78228715,Salvador,Nevado,Azorin,2022-01-21,68,F,Hospital,RENIEC,Cáncer,160101,Casado
62224611,Fanny,Adadia,Bou,2021-12-04,58,F,Clínica,RENIEC,Insuficiencia renal,180101,Viudo
73306295,Ángeles,Rozas,Borja,2021-03-27,82,F,Vía pública,Hospital Regional,Accidente laboral,190101,Casado
45311610,Iván,Peláez,Bernal,2021-01-04,72,F,Domicilio,RENIEC,Insuficiencia renal,160101,Soltero
61583363,Salvador,Vázquez,Macías,2021-03-06,17,M,Domicilio,RENIEC,Cáncer,220101,Casado
33524492,Felicidad,Urrutia,Saavedra,2020-10-12,57,F,Hospital,Hospital Regional,Infarto,220101,Casado
37072687,Remedios,Villegas,Macias,2022-05-07,74,M,Domicilio,MINSA,Infarto,040101,Divorciado
14510970,Miguela,Vicens,Villalobos,2022-08-29,86,M,Vía pública,MINSA,Cáncer,100101,Soltero
92569402,Fortunato,Araujo,Palomares,2022-09-22,85,F,Vía pública,MINSA,Insuficiencia renal,050101,Viudo
97915178,Aarón,Criado,Bolaños,2023-01-14,49,F,Hospital,Hospital Regional,COVID-19,110101,Viudo
63611082,Patricio,Prats,Ramirez,2025-09-03,57,M,Clínica,Municipalidad,Insuficiencia renal,050101,Divorciado